{
    "vmas": {
        "simple_world_comm": {
            "ippovinonorm": {
                "seed_1": {
                    "absolute_metrics": {
                        "lead_adversary_return": [
                            750.0
                        ],
                        "adversary_return": [
                            750.0
                        ],
                        "agent_return": [
                            8.567944526672363
                        ],
                        "return": [
                            468.05517578125
                        ]
                    },
                    "step_0": {
                        "step_count": 80000,
                        "lead_adversary_return": [
                            120.0,
                            385.0,
                            220.0,
                            290.0,
                            40.0,
                            195.0,
                            125.0,
                            75.0,
                            280.0,
                            0.0
                        ],
                        "adversary_return": [
                            120.0,
                            385.0,
                            220.0,
                            290.0,
                            40.0,
                            195.0,
                            125.0,
                            75.0,
                            280.0,
                            0.0
                        ],
                        "agent_return": [
                            -11.826295852661133,
                            -52.414031982421875,
                            -22.786849975585938,
                            -37.62030792236328,
                            -6.8023362159729,
                            -14.410432815551758,
                            -17.017927169799805,
                            -13.594593048095703,
                            -35.62858963012695,
                            4.828547477722168
                        ],
                        "return": [
                            76.05790710449219,
                            239.1953125,
                            139.071044921875,
                            180.79324340820312,
                            24.399221420288086,
                            125.19652557373047,
                            77.66069030761719,
                            45.46847152709961,
                            174.79046630859375,
                            1.609515905380249
                        ]
                    },
                    "step_1": {
                        "step_count": 240000,
                        "lead_adversary_return": [
                            250.0,
                            0.0,
                            10.0,
                            130.0,
                            25.0,
                            0.0,
                            670.0,
                            45.0,
                            10.0,
                            50.0
                        ],
                        "adversary_return": [
                            250.0,
                            0.0,
                            10.0,
                            130.0,
                            25.0,
                            0.0,
                            670.0,
                            45.0,
                            10.0,
                            50.0
                        ],
                        "agent_return": [
                            -33.13273239135742,
                            -2.499260425567627,
                            -1.037074327468872,
                            -18.713754653930664,
                            0.4699239730834961,
                            8.567944526672363,
                            -85.87083435058594,
                            -7.554438591003418,
                            1.0958476066589355,
                            -2.657381057739258
                        ],
                        "return": [
                            155.6224365234375,
                            -0.8330868482589722,
                            6.320975303649902,
                            80.42874908447266,
                            16.82330894470215,
                            2.8559815883636475,
                            418.0430603027344,
                            27.481855392456055,
                            7.031949520111084,
                            32.447540283203125
                        ]
                    },
                    "step_2": {
                        "step_count": 480000,
                        "lead_adversary_return": [
                            0.0,
                            0.0,
                            10.0,
                            105.0,
                            60.0,
                            30.0,
                            20.0,
                            30.0,
                            135.0,
                            0.0
                        ],
                        "adversary_return": [
                            0.0,
                            0.0,
                            10.0,
                            105.0,
                            60.0,
                            30.0,
                            20.0,
                            30.0,
                            135.0,
                            0.0
                        ],
                        "agent_return": [
                            -2.4802632331848145,
                            8.53358268737793,
                            0.7591046690940857,
                            -12.596846580505371,
                            -10.652332305908203,
                            -7.017657279968262,
                            -2.9679574966430664,
                            1.5526728630065918,
                            -20.35738754272461,
                            3.729179859161377
                        ],
                        "return": [
                            -0.8267544507980347,
                            2.8445277214050293,
                            6.91970157623291,
                            65.80105590820312,
                            36.44922637939453,
                            17.660781860351562,
                            12.344015121459961,
                            20.517559051513672,
                            83.21420288085938,
                            1.2430599927902222
                        ]
                    },
                    "step_3": {
                        "step_count": 720000,
                        "lead_adversary_return": [
                            0.0,
                            10.0,
                            0.0,
                            15.0,
                            70.0,
                            65.0,
                            230.0,
                            20.0,
                            15.0,
                            50.0
                        ],
                        "adversary_return": [
                            0.0,
                            10.0,
                            0.0,
                            15.0,
                            70.0,
                            65.0,
                            230.0,
                            20.0,
                            15.0,
                            50.0
                        ],