{
    "vmas": {
        "simple_world_comm": {
            "ippovi": {
                "seed_5": {
                    "absolute_metrics": {
                        "lead_adversary_return": [
                            265.0
                        ],
                        "adversary_return": [
                            265.0
                        ],
                        "agent_return": [
                            13.944087982177734
                        ],
                        "return": [
                            131.43203735351562
                        ]
                    },
                    "step_0": {
                        "step_count": 120000,
                        "lead_adversary_return": [
                            0.0,
                            0.0,
                            25.0,
                            0.0,
                            0.0,
                            40.0,
                            20.0,
                            55.0,
                            0.0,
                            0.0
                        ],
                        "adversary_return": [
                            0.0,
                            0.0,
                            25.0,
                            0.0,
                            0.0,
                            40.0,
                            20.0,
                            55.0,
                            0.0,
                            0.0
                        ],
                        "agent_return": [
                            13.944087982177734,
                            4.633486270904541,
                            -15.361274719238281,
                            -2.417564630508423,
                            5.865695953369141,
                            -23.62369155883789,
                            -13.637717247009277,
                            -30.288616180419922,
                            -3.184769868850708,
                            -2.0878372192382812
                        ],
                        "return": [
                            4.648029327392578,
                            1.5444954633712769,
                            11.546241760253906,
                            -0.8058549165725708,
                            1.95523202419281,
                            18.792102813720703,
                            8.78742790222168,
                            26.57046127319336,
                            -1.0615899562835693,
                            -0.6959457397460938
                        ]
                    },
                    "step_1": {
                        "step_count": 240000,
                        "lead_adversary_return": [
                            35.0,
                            55.0,
                            0.0,
                            0.0,
                            0.0,
                            0.0,
                            5.0,
                            0.0,
                            0.0,
                            10.0
                        ],
                        "adversary_return": [
                            35.0,
                            55.0,
                            0.0,
                            0.0,
                            0.0,
                            0.0,
                            5.0,
                            0.0,
                            0.0,
                            10.0
                        ],
                        "agent_return": [
                            -21.30062484741211,
                            -31.922958374023438,
                            -2.202082395553589,
                            -2.639005661010742,
                            -2.784597873687744,
                            10.227654457092285,
                            -6.6570024490356445,
                            -2.3833160400390625,
                            -4.7596049308776855,
                            -6.923454284667969
                        ],
                        "return": [
                            16.233125686645508,
                            26.025680541992188,
                            -0.7340275049209595,
                            -0.8796685934066772,
                            -0.928199291229248,
                            3.4092183113098145,
                            1.1143325567245483,
                            -0.7944387197494507,
                            -1.5865349769592285,
                            4.358848571777344
                        ]
                    },
                    "step_2": {
                        "step_count": 480000,
                        "lead_adversary_return": [
                            0.0,
                            0.0,
                            0.0,
                            10.0,
                            0.0,
                            0.0,
                            10.0,
                            0.0,
                            0.0,
                            30.0
                        ],
                        "adversary_return": [
                            0.0,
                            0.0,
                            0.0,
                            10.0,
                            0.0,
                            0.0,
                            10.0,
                            0.0,
                            0.0,
                            30.0
                        ],
                        "agent_return": [
                            0.7847657203674316,
                            -4.58465576171875,
                            -4.590193271636963,
                            -8.392274856567383,
                            -5.332710266113281,
                            -3.6433095932006836,
                            -8.271759033203125,
                            -4.958460807800293,
                            -2.486945867538452,
                            -18.369449615478516
                        ],
                        "return": [
                            0.26158857345581055,
                            -1.5282186269760132,
                            -1.5300644636154175,
                            3.869241714477539,
                            -1.777570128440857,
                            -1.2144365310668945,
                            3.9094138145446777,
                            -1.652820348739624,
                            -0.8289819955825806,
                            13.876850128173828
                        ]
                    },
                    "step_3": {
                        "step_count": 720000,
                        "lead_adversary_return": [
                            0.0,
                            5.0,
                            0.0,
                            40.0,
                            0.0,
                            0.0,
                            10.0,
                            25.0,
                            0.0,
                            55.0
                        ],
                        "adversary_return": [
                            0.0,
                            5.0,
                            0.0,
                            40.0,
                            0.0,
                            0.0,
                            10.0,
                            25.0,
                            0.0,
                            55.0
                        ],