{
    "vmas": {
        "simple_world_comm": {
            "isac": {
                "seed_5": {
                    "absolute_metrics": {
                        "lead_adversary_return": [
                            60.0
                        ],
                        "adversary_return": [
                            60.0
                        ],
                        "agent_return": [
                            53.08979797363281
                        ],
                        "return": [
                            29.122787475585938
                        ]
                    },
                    "step_0": {
                        "step_count": 120000,
                        "lead_adversary_return": [
                            0.0,
                            0.0,
                            0.0,
                            0.0,
                            0.0,
                            0.0,
                            0.0,
                            0.0,
                            0.0,
                            0.0
                        ],
                        "adversary_return": [
                            0.0,
                            0.0,
                            0.0,
                            0.0,
                            0.0,
                            0.0,
                            0.0,
                            0.0,
                            0.0,
                            0.0
                        ],
                        "agent_return": [
                            -1.9324662685394287,
                            -4.0731916427612305,
                            -2.7844035625457764,
                            -6.1930460929870605,
                            -4.331049919128418,
                            -3.3517322540283203,
                            -5.243973731994629,
                            -5.4500274658203125,
                            -5.705595016479492,
                            -3.1831612586975098
                        ],
                        "return": [
                            -0.6441554427146912,
                            -1.3577306270599365,
                            -0.928134560585022,
                            -2.0643486976623535,
                            -1.443683385848999,
                            -1.1172441244125366,
                            -1.7479913234710693,
                            -1.8166759014129639,
                            -1.901865005493164,
                            -1.06105375289917
                        ]
                    },
                    "step_1": {
                        "step_count": 240000,
                        "lead_adversary_return": [
                            0.0,
                            0.0,
                            0.0,
                            0.0,
                            55.0,
                            25.0,
                            60.0,
                            10.0,
                            0.0,
                            0.0
                        ],
                        "adversary_return": [
                            0.0,
                            0.0,
                            0.0,
                            0.0,
                            55.0,
                            25.0,
                            60.0,
                            10.0,
                            0.0,
                            0.0
                        ],
                        "agent_return": [
                            -1.7862434387207031,
                            53.08979797363281,
                            -3.0142745971679688,
                            -3.9477720260620117,
                            -31.1831111907959,
                            -16.334579467773438,
                            -32.63163757324219,
                            -8.721199989318848,
                            -2.3419394493103027,
                            -5.603555679321289
                        ],
                        "return": [
                            -0.5954145193099976,
                            17.69659996032715,
                            -1.0047582387924194,
                            -1.315924048423767,
                            26.272296905517578,
                            11.221807479858398,
                            29.122787475585938,
                            3.7596001625061035,
                            -0.7806465029716492,
                            -1.867851972579956
                        ]
                    },
                    "step_2": {
                        "step_count": 480000,
                        "lead_adversary_return": [
                            0.0,
                            0.0,
                            0.0,
                            0.0,
                            0.0,
                            0.0,
                            0.0,
                            25.0,
                            10.0,
                            0.0
                        ],
                        "adversary_return": [
                            0.0,
                            0.0,
                            0.0,
                            0.0,
                            0.0,
                            0.0,
                            0.0,
                            25.0,
                            10.0,
                            0.0
                        ],
                        "agent_return": [
                            -3.663699150085449,
                            -4.97874641418457,
                            -4.9193220138549805,
                            -2.7655718326568604,
                            -3.335010051727295,
                            -3.4312589168548584,
                            -4.455785274505615,
                            -15.74530029296875,
                            -8.944214820861816,
                            -4.909943103790283
                        ],
                        "return": [
                            -1.2212331295013428,
                            -1.6595821380615234,
                            -1.6397740840911865,
                            -0.9218572974205017,
                            -1.1116700172424316,
                            -1.1437530517578125,
                            -1.4852617979049683,
                            11.418233871459961,
                            3.6852617263793945,
                            -1.6366477012634277
                        ]
                    },
                    "step_3": {
                        "step_count": 720000,
                        "lead_adversary_return": [
                            0.0,
                            0.0,
                            0.0,
                            0.0,
                            0.0,
                            0.0,
                            0.0,
                            0.0,
                            0.0,
                            0.0
                        ],
                        "adversary_return": [
                            0.0,
                            0.0,
                            0.0,
                            0.0,
                            0.0,
                            0.0,
                            0.0,
                            0.0,
                            0.0,
                            0.0
                        ],