{
    "vmas": {
        "simple_world_comm": {
            "maddpg": {
                "seed_5": {
                    "absolute_metrics": {
                        "lead_adversary_return": [
                            640.0
                        ],
                        "adversary_return": [
                            640.0
                        ],
                        "agent_return": [
                            2.5809485912323
                        ],
                        "return": [
                            317.882080078125
                        ]
                    },
                    "step_0": {
                        "step_count": 120000,
                        "lead_adversary_return": [
                            375.0,
                            0.0,
                            0.0,
                            0.0,
                            485.0,
                            10.0,
                            5.0,
                            20.0,
                            0.0,
                            10.0
                        ],
                        "adversary_return": [
                            375.0,
                            0.0,
                            0.0,
                            0.0,
                            485.0,
                            10.0,
                            5.0,
                            20.0,
                            0.0,
                            10.0
                        ],
                        "agent_return": [
                            -190.4355926513672,
                            -2.483790397644043,
                            2.5809485912323,
                            -2.4151487350463867,
                            -247.6727294921875,
                            -0.7020525932312012,
                            -5.010597229003906,
                            -13.120979309082031,
                            -2.06903076171875,
                            -8.962018013000488
                        ],
                        "return": [
                            186.52146911621094,
                            -0.8279301524162292,
                            0.8603162169456482,
                            -0.8050495982170105,
                            240.7757568359375,
                            6.4326491355896,
                            1.6631343364715576,
                            8.959673881530762,
                            -0.6896769404411316,
                            3.6793274879455566
                        ]
                    },
                    "step_1": {
                        "step_count": 240000,
                        "lead_adversary_return": [
                            0.0,
                            20.0,
                            5.0,
                            5.0,
                            0.0,
                            5.0,
                            5.0,
                            640.0,
                            5.0,
                            0.0
                        ],
                        "adversary_return": [
                            0.0,
                            20.0,
                            5.0,
                            5.0,
                            0.0,
                            5.0,
                            5.0,
                            640.0,
                            5.0,
                            0.0
                        ],
                        "agent_return": [
                            -7.857791900634766,
                            -18.94220542907715,
                            -7.520266056060791,
                            -7.257192611694336,
                            -6.335747718811035,
                            -7.134778022766113,
                            -7.921963691711426,
                            -326.353759765625,
                            -10.3704195022583,
                            -8.869241714477539
                        ],
                        "return": [
                            -2.6192641258239746,
                            7.019265174865723,
                            0.8265780210494995,
                            0.9142691493034363,
                            -2.1119160652160645,
                            0.9550740122795105,
                            0.6926788091659546,
                            317.882080078125,
                            -0.1234731674194336,
                            -2.956413984298706
                        ]
                    },
                    "step_2": {
                        "step_count": 480000,
                        "lead_adversary_return": [
                            5.0,
                            0.0,
                            5.0,
                            10.0,
                            0.0,
                            10.0,
                            10.0,
                            5.0,
                            5.0,
                            0.0
                        ],
                        "adversary_return": [
                            5.0,
                            0.0,
                            5.0,
                            10.0,
                            0.0,
                            10.0,
                            10.0,
                            5.0,
                            5.0,
                            0.0
                        ],
                        "agent_return": [
                            -7.044737339019775,
                            -2.2252228260040283,
                            -4.795482158660889,
                            -12.788755416870117,
                            -7.932995796203613,
                            -7.421476364135742,
                            -12.925167083740234,
                            -7.077695846557617,
                            -10.329635620117188,
                            -5.027899742126465
                        ],
                        "return": [
                            0.9850875735282898,
                            -0.7417409420013428,
                            1.7348393201828003,
                            2.4037482738494873,
                            -2.644331932067871,
                            4.192841529846191,
                            2.3582777976989746,
                            0.9741014242172241,
                            -0.1098785400390625,
                            -1.6759666204452515
                        ]
                    },
                    "step_3": {
                        "step_count": 720000,
                        "lead_adversary_return": [
                            0.0,
                            0.0,
                            5.0,
                            0.0,
                            0.0,
                            10.0,
                            5.0,
                            5.0,
                            0.0,
                            0.0
                        ],
                        "adversary_return": [
                            0.0,
                            0.0,
                            5.0,
                            0.0,
                            0.0,
                            10.0,
                            5.0,
                            5.0,
                            0.0,
                            0.0
                        ],