{
    "vmas": {
        "simple_world_comm": {
            "ippo": {
                "seed_5": {
                    "absolute_metrics": {
                        "lead_adversary_return": [
                            720.0
                        ],
                        "adversary_return": [
                            720.0
                        ],
                        "agent_return": [
                            8.447949409484863
                        ],
                        "return": [
                            449.30078125
                        ]
                    },
                    "step_0": {
                        "step_count": 80000,
                        "lead_adversary_return": [
                            210.0,
                            0.0,
                            0.0,
                            30.0,
                            125.0,
                            0.0,
                            50.0,
                            40.0,
                            10.0,
                            30.0
                        ],
                        "adversary_return": [
                            210.0,
                            0.0,
                            0.0,
                            30.0,
                            125.0,
                            0.0,
                            50.0,
                            40.0,
                            10.0,
                            30.0
                        ],
                        "agent_return": [
                            -25.587709426879883,
                            8.447949409484863,
                            -3.700169563293457,
                            -4.988485813140869,
                            -17.782188415527344,
                            -3.5398969650268555,
                            -5.802468299865723,
                            -7.788722991943359,
                            -2.132439613342285,
                            -2.0305585861206055
                        ],
                        "return": [
                            131.47076416015625,
                            2.815983295440674,
                            -1.2333898544311523,
                            18.33717155456543,
                            77.40593719482422,
                            -1.1799657344818115,
                            31.39917755126953,
                            24.070425033569336,
                            5.9558539390563965,
                            19.32314682006836
                        ]
                    },
                    "step_1": {
                        "step_count": 240000,
                        "lead_adversary_return": [
                            80.0,
                            400.0,
                            75.0,
                            0.0,
                            40.0,
                            20.0,
                            0.0,
                            5.0,
                            30.0,
                            160.0
                        ],
                        "adversary_return": [
                            80.0,
                            400.0,
                            75.0,
                            0.0,
                            40.0,
                            20.0,
                            0.0,
                            5.0,
                            30.0,
                            160.0
                        ],
                        "agent_return": [
                            -8.369030952453613,
                            -49.890647888183594,
                            -10.284192085266113,
                            -1.5671353340148926,
                            -5.400822639465332,
                            -5.143811225891113,
                            -3.760774612426758,
                            -0.33000659942626953,
                            -3.0675227642059326,
                            -22.070632934570312
                        ],
                        "return": [
                            50.54365539550781,
                            250.03646850585938,
                            46.571937561035156,
                            -0.5223784446716309,
                            24.866392135620117,
                            11.618730545043945,
                            -1.253591537475586,
                            3.2233312129974365,
                            18.977493286132812,
                            99.30979919433594
                        ]
                    },
                    "step_2": {
                        "step_count": 480000,
                        "lead_adversary_return": [
                            40.0,
                            85.0,
                            635.0,
                            135.0,
                            70.0,
                            345.0,
                            0.0,
                            260.0,
                            105.0,
                            520.0
                        ],
                        "adversary_return": [
                            40.0,
                            85.0,
                            635.0,
                            135.0,
                            70.0,
                            345.0,
                            0.0,
                            260.0,
                            105.0,
                            520.0
                        ],
                        "agent_return": [
                            -7.527442932128906,
                            -12.814345359802246,
                            -80.41099548339844,
                            -0.7541370391845703,
                            -11.388897895812988,
                            -46.252845764160156,
                            -0.9850320219993591,
                            -36.37911605834961,
                            -6.865560531616211,
                            -65.06303405761719
                        ],
                        "return": [
                            24.157520294189453,
                            52.39521789550781,
                            396.5296630859375,
                            89.74861907958984,
                            42.87036895751953,
                            214.58238220214844,
                            -0.3283440172672272,
                            161.20697021484375,
                            67.71148681640625,
                            324.97900390625
                        ]
                    },
                    "step_3": {
                        "step_count": 720000,
                        "lead_adversary_return": [
                            60.0,
                            720.0,
                            60.0,
                            175.0,
                            0.0,
                            320.0,
                            155.0,
                            160.0,
                            330.0,
                            530.0
                        ],
                        "adversary_return": [
                            60.0,
                            720.0,
                            60.0,
                            175.0,
                            0.0,
                            320.0,
                            155.0,
                            160.0,
                            330.0,
                            530.0
                        ],