{
    "vmas": {
        "simple_world_comm": {
            "iddpg": {
                "seed_8": {
                    "absolute_metrics": {
                        "lead_adversary_return": [
                            1570.0
                        ],
                        "adversary_return": [
                            1570.0
                        ],
                        "agent_return": [
                            -3.850644588470459
                        ],
                        "return": [
                            782.33935546875
                        ]
                    },
                    "step_0": {
                        "step_count": 120000,
                        "lead_adversary_return": [
                            490.0,
                            680.0,
                            365.0,
                            580.0,
                            0.0,
                            535.0,
                            670.0,
                            665.0,
                            775.0,
                            750.0
                        ],
                        "adversary_return": [
                            490.0,
                            680.0,
                            365.0,
                            580.0,
                            0.0,
                            535.0,
                            670.0,
                            665.0,
                            775.0,
                            750.0
                        ],
                        "agent_return": [
                            -251.26998901367188,
                            -343.3338623046875,
                            -188.00978088378906,
                            -296.74029541015625,
                            -5.850549697875977,
                            -271.42547607421875,
                            -340.42559814453125,
                            -339.058837890625,
                            -392.01763916015625,
                            -377.278564453125
                        ],
                        "return": [
                            242.91000366210938,
                            338.88873291015625,
                            180.66342163085938,
                            287.75323486328125,
                            -1.9501832723617554,
                            266.1915283203125,
                            333.19146728515625,
                            330.313720703125,
                            385.994140625,
                            374.240478515625
                        ]
                    },
                    "step_1": {
                        "step_count": 240000,
                        "lead_adversary_return": [
                            800.0,
                            1300.0,
                            1385.0,
                            1410.0,
                            790.0,
                            1570.0,
                            1335.0,
                            1120.0,
                            1130.0,
                            1080.0
                        ],
                        "adversary_return": [
                            800.0,
                            1300.0,
                            1385.0,
                            1410.0,
                            790.0,
                            1570.0,
                            1335.0,
                            1120.0,
                            1130.0,
                            1080.0
                        ],
                        "agent_return": [
                            -406.015380859375,
                            -654.088134765625,
                            -697.6795654296875,
                            -712.0584716796875,
                            -401.4219665527344,
                            -792.9820556640625,
                            -669.488525390625,
                            -567.3524169921875,
                            -567.3482055664062,
                            -546.26025390625
                        ],
                        "return": [
                            397.994873046875,
                            648.6373291015625,
                            690.7734375,
                            702.6471557617188,
                            392.8593444824219,
                            782.33935546875,
                            666.837158203125,
                            557.5491943359375,
                            564.21728515625,
                            537.9132690429688
                        ]
                    },
                    "step_2": {
                        "step_count": 480000,
                        "lead_adversary_return": [
                            5.0,
                            10.0,
                            0.0,
                            5.0,
                            0.0,
                            5.0,
                            0.0,
                            5.0,
                            0.0,
                            5.0
                        ],
                        "adversary_return": [
                            5.0,
                            10.0,
                            0.0,
                            5.0,
                            0.0,
                            5.0,
                            0.0,
                            5.0,
                            0.0,
                            5.0
                        ],
                        "agent_return": [
                            -9.068618774414062,
                            -9.045244216918945,
                            -3.8508355617523193,
                            -5.950981616973877,
                            -7.500079154968262,
                            -10.360854148864746,
                            -5.8270955085754395,
                            -4.401068687438965,
                            -9.906281471252441,
                            -9.565729141235352
                        ],
                        "return": [
                            0.3104604184627533,
                            3.651585340499878,
                            -1.2836118936538696,
                            1.349672794342041,
                            -2.5000264644622803,
                            -0.12028472125530243,
                            -1.9423651695251465,
                            1.866310477256775,
                            -3.302093982696533,
                            0.1447569578886032
                        ]
                    },
                    "step_3": {
                        "step_count": 720000,
                        "lead_adversary_return": [
                            5.0,
                            10.0,
                            0.0,
                            5.0,
                            0.0,
                            5.0,
                            0.0,
                            5.0,
                            0.0,
                            5.0
                        ],
                        "adversary_return": [
                            5.0,
                            10.0,
                            0.0,
                            5.0,
                            0.0,
                            5.0,
                            0.0,
                            5.0,
                            0.0,
                            5.0
                        ],