{
    "vmas": {
        "simple_world_comm": {
            "iddpg": {
                "seed_5": {
                    "absolute_metrics": {
                        "lead_adversary_return": [
                            495.0
                        ],
                        "adversary_return": [
                            495.0
                        ],
                        "agent_return": [
                            3.1166224479675293
                        ],
                        "return": [
                            246.34658813476562
                        ]
                    },
                    "step_0": {
                        "step_count": 120000,
                        "lead_adversary_return": [
                            0.0,
                            0.0,
                            10.0,
                            0.0,
                            0.0,
                            0.0,
                            5.0,
                            5.0,
                            0.0,
                            5.0
                        ],
                        "adversary_return": [
                            0.0,
                            0.0,
                            10.0,
                            0.0,
                            0.0,
                            0.0,
                            5.0,
                            5.0,
                            0.0,
                            5.0
                        ],
                        "agent_return": [
                            -3.945211887359619,
                            -6.393548965454102,
                            -9.299943923950195,
                            -6.643015384674072,
                            -6.785783767700195,
                            -9.148111343383789,
                            -8.135432243347168,
                            -6.521782398223877,
                            -4.711465358734131,
                            -5.964414596557617
                        ],
                        "return": [
                            -1.315070629119873,
                            -2.13118314743042,
                            3.566685438156128,
                            -2.214338541030884,
                            -2.261928081512451,
                            -3.049370527267456,
                            0.6215226054191589,
                            1.1594059467315674,
                            -1.570488452911377,
                            1.3451951742172241
                        ]
                    },
                    "step_1": {
                        "step_count": 240000,
                        "lead_adversary_return": [
                            0.0,
                            0.0,
                            0.0,
                            0.0,
                            10.0,
                            30.0,
                            0.0,
                            0.0,
                            20.0,
                            0.0
                        ],
                        "adversary_return": [
                            0.0,
                            0.0,
                            0.0,
                            0.0,
                            10.0,
                            30.0,
                            0.0,
                            0.0,
                            20.0,
                            0.0
                        ],
                        "agent_return": [
                            3.1166224479675293,
                            -1.8109530210494995,
                            -5.006833076477051,
                            -8.150957107543945,
                            -9.324790954589844,
                            -20.121883392333984,
                            -4.416135787963867,
                            -4.904157638549805,
                            -12.549348831176758,
                            -1.7698190212249756
                        ],
                        "return": [
                            1.0388741493225098,
                            -0.6036510467529297,
                            -1.6689443588256836,
                            -2.7169857025146484,
                            3.5584030151367188,
                            13.292705535888672,
                            -1.4720453023910522,
                            -1.6347192525863647,
                            9.150217056274414,
                            -0.5899397134780884
                        ]
                    },
                    "step_2": {
                        "step_count": 480000,
                        "lead_adversary_return": [
                            125.0,
                            0.0,
                            10.0,
                            0.0,
                            0.0,
                            0.0,
                            0.0,
                            5.0,
                            0.0,
                            335.0
                        ],
                        "adversary_return": [
                            125.0,
                            0.0,
                            10.0,
                            0.0,
                            0.0,
                            0.0,
                            0.0,
                            5.0,
                            0.0,
                            335.0
                        ],
                        "agent_return": [
                            -68.95897674560547,
                            -8.547914505004883,
                            -11.717641830444336,
                            -7.058012962341309,
                            -3.808074712753296,
                            -3.103876829147339,
                            -5.05391263961792,
                            -7.487563133239746,
                            -4.355058670043945,
                            -170.82080078125
                        ],
                        "return": [
                            60.347007751464844,
                            -2.8493049144744873,
                            2.7607860565185547,
                            -2.3526711463928223,
                            -1.2693582773208618,
                            -1.0346256494522095,
                            -1.6846375465393066,
                            0.8374789953231812,
                            -1.4516862630844116,
                            166.39306640625
                        ]
                    },
                    "step_3": {
                        "step_count": 720000,
                        "lead_adversary_return": [
                            10.0,
                            0.0,
                            0.0,
                            0.0,
                            0.0,
                            0.0,
                            0.0,
                            0.0,
                            5.0,
                            0.0
                        ],
                        "adversary_return": [
                            10.0,
                            0.0,
                            0.0,
                            0.0,
                            0.0,
                            0.0,
                            0.0,
                            0.0,
                            5.0,
                            0.0
                        ],