{
    "vmas": {
        "simple_world_comm": {
            "mappo": {
                "seed_2": {
                    "absolute_metrics": {
                        "lead_adversary_return": [
                            700.0
                        ],
                        "adversary_return": [
                            700.0
                        ],
                        "agent_return": [
                            24.62293815612793
                        ],
                        "return": [
                            348.43035888671875
                        ]
                    },
                    "step_0": {
                        "step_count": 120000,
                        "lead_adversary_return": [
                            0.0,
                            5.0,
                            180.0,
                            340.0,
                            5.0,
                            0.0,
                            90.0,
                            30.0,
                            45.0,
                            25.0
                        ],
                        "adversary_return": [
                            0.0,
                            5.0,
                            180.0,
                            340.0,
                            5.0,
                            0.0,
                            90.0,
                            30.0,
                            45.0,
                            25.0
                        ],
                        "agent_return": [
                            -3.2656984329223633,
                            -6.952376365661621,
                            -93.2353286743164,
                            -174.9481964111328,
                            -5.313301086425781,
                            -3.087038516998291,
                            -49.29209518432617,
                            -17.771728515625,
                            -26.66901969909668,
                            -19.477399826049805
                        ],
                        "return": [
                            -1.0885661840438843,
                            1.0158746242523193,
                            88.92156219482422,
                            168.35061645507812,
                            1.5622329711914062,
                            -1.02901291847229,
                            43.56930160522461,
                            14.076090812683105,
                            21.110326766967773,
                            10.174200057983398
                        ]
                    },
                    "step_1": {
                        "step_count": 240000,
                        "lead_adversary_return": [
                            0.0,
                            10.0,
                            30.0,
                            0.0,
                            25.0,
                            10.0,
                            0.0,
                            20.0,
                            95.0,
                            95.0
                        ],
                        "adversary_return": [
                            0.0,
                            10.0,
                            30.0,
                            0.0,
                            25.0,
                            10.0,
                            0.0,
                            20.0,
                            95.0,
                            95.0
                        ],
                        "agent_return": [
                            -4.508917808532715,
                            -7.830718994140625,
                            -19.32350730895996,
                            -3.6985366344451904,
                            -7.605453968048096,
                            -8.216771125793457,
                            -2.508589267730713,
                            -12.414920806884766,
                            -51.752254486083984,
                            -52.76450729370117
                        ],
                        "return": [
                            -1.5029726028442383,
                            4.056427001953125,
                            13.558830261230469,
                            -1.2328455448150635,
                            14.131515502929688,
                            3.9277429580688477,
                            -0.8361964225769043,
                            9.195026397705078,
                            46.08258056640625,
                            45.74516296386719
                        ]
                    },
                    "step_2": {
                        "step_count": 480000,
                        "lead_adversary_return": [
                            0.0,
                            0.0,
                            140.0,
                            70.0,
                            0.0,
                            0.0,
                            0.0,
                            15.0,
                            10.0,
                            125.0
                        ],
                        "adversary_return": [
                            0.0,
                            0.0,
                            140.0,
                            70.0,
                            0.0,
                            0.0,
                            0.0,
                            15.0,
                            10.0,
                            125.0
                        ],
                        "agent_return": [
                            -6.232429027557373,
                            -5.6155171394348145,
                            -73.57827758789062,
                            -37.773521423339844,
                            -3.1002068519592285,
                            -6.542859077453613,
                            -2.348339080810547,
                            -11.313932418823242,
                            -5.150839328765869,
                            -65.67816162109375
                        ],
                        "return": [
                            -2.0774765014648438,
                            -1.8718390464782715,
                            68.80724334716797,
                            34.07549285888672,
                            -1.0334023237228394,
                            -2.180953025817871,
                            -0.7827796936035156,
                            6.228689193725586,
                            4.94972038269043,
                            61.44061279296875
                        ]
                    },
                    "step_3": {
                        "step_count": 720000,
                        "lead_adversary_return": [
                            0.0,
                            0.0,
                            45.0,
                            10.0,
                            0.0,
                            0.0,
                            0.0,
                            10.0,
                            10.0,
                            25.0
                        ],
                        "adversary_return": [
                            0.0,
                            0.0,
                            45.0,
                            10.0,
                            0.0,
                            0.0,
                            0.0,
                            10.0,
                            10.0,
                            25.0
                        ],