{
    "vmas": {
        "simple_world_comm": {
            "ippovinoanchor": {
                "seed_5": {
                    "absolute_metrics": {
                        "lead_adversary_return": [
                            415.0
                        ],
                        "adversary_return": [
                            415.0
                        ],
                        "agent_return": [
                            15.420166969299316
                        ],
                        "return": [
                            205.78640747070312
                        ]
                    },
                    "step_0": {
                        "step_count": 120000,
                        "lead_adversary_return": [
                            0.0,
                            0.0,
                            25.0,
                            0.0,
                            0.0,
                            40.0,
                            20.0,
                            55.0,
                            0.0,
                            0.0
                        ],
                        "adversary_return": [
                            0.0,
                            0.0,
                            25.0,
                            0.0,
                            0.0,
                            40.0,
                            20.0,
                            55.0,
                            0.0,
                            0.0
                        ],
                        "agent_return": [
                            13.943990707397461,
                            4.633209705352783,
                            -15.360926628112793,
                            -2.417740821838379,
                            5.866016387939453,
                            -23.622577667236328,
                            -13.637468338012695,
                            -30.288604736328125,
                            -3.18489670753479,
                            -2.0876994132995605
                        ],
                        "return": [
                            4.64799690246582,
                            1.544403314590454,
                            11.546358108520508,
                            -0.8059136271476746,
                            1.9553388357162476,
                            18.7924747467041,
                            8.787510871887207,
                            26.570465087890625,
                            -1.0616322755813599,
                            -0.6958998441696167
                        ]
                    },
                    "step_1": {
                        "step_count": 240000,
                        "lead_adversary_return": [
                            40.0,
                            55.0,
                            0.0,
                            0.0,
                            0.0,
                            0.0,
                            10.0,
                            0.0,
                            0.0,
                            10.0
                        ],
                        "adversary_return": [
                            40.0,
                            55.0,
                            0.0,
                            0.0,
                            0.0,
                            0.0,
                            10.0,
                            0.0,
                            0.0,
                            10.0
                        ],
                        "agent_return": [
                            -23.80661392211914,
                            -31.907407760620117,
                            -2.197662353515625,
                            -2.653517961502075,
                            -2.7988879680633545,
                            11.23731517791748,
                            -9.15935230255127,
                            -2.3784642219543457,
                            -4.757011890411377,
                            -6.926939010620117
                        ],
                        "return": [
                            18.731128692626953,
                            26.030864715576172,
                            -0.7325541377067566,
                            -0.8845059871673584,
                            -0.9329626560211182,
                            3.745771884918213,
                            3.61354923248291,
                            -0.7928214073181152,
                            -1.5856707096099854,
                            4.357686996459961
                        ]
                    },
                    "step_2": {
                        "step_count": 480000,
                        "lead_adversary_return": [
                            0.0,
                            5.0,
                            0.0,
                            15.0,
                            0.0,
                            0.0,
                            10.0,
                            0.0,
                            0.0,
                            55.0
                        ],
                        "adversary_return": [
                            0.0,
                            5.0,
                            0.0,
                            15.0,
                            0.0,
                            0.0,
                            10.0,
                            0.0,
                            0.0,
                            55.0
                        ],
                        "agent_return": [
                            0.7934197187423706,
                            -7.0646772384643555,
                            -4.5874714851379395,
                            -10.883228302001953,
                            -5.324463844299316,
                            -3.641843795776367,
                            -8.281072616577148,
                            -4.964412689208984,
                            -2.475621461868286,
                            -30.90452003479004
                        ],
                        "return": [
                            0.2644732594490051,
                            0.9784409403800964,
                            -1.5291571617126465,
                            6.372257232666016,
                            -1.7748212814331055,
                            -1.2139480113983154,
                            3.906309127807617,
                            -1.6548042297363281,
                            -0.8252071738243103,
                            26.365161895751953
                        ]
                    },
                    "step_3": {
                        "step_count": 720000,
                        "lead_adversary_return": [
                            15.0,
                            5.0,
                            0.0,
                            405.0,
                            0.0,
                            0.0,
                            5.0,
                            415.0,
                            0.0,
                            30.0
                        ],
                        "adversary_return": [
                            15.0,
                            5.0,
                            0.0,
                            405.0,
                            0.0,
                            0.0,
                            5.0,
                            415.0,
                            0.0,
                            30.0
                        ],