{
    "vmas": {
        "simple_world_comm": {
            "ippoextragradient": {
                "seed_1": {
                    "absolute_metrics": {
                        "lead_adversary_return": [
                            505.0
                        ],
                        "adversary_return": [
                            505.0
                        ],
                        "agent_return": [
                            28.00261116027832
                        ],
                        "return": [
                            251.06930541992188
                        ]
                    },
                    "step_0": {
                        "step_count": 120000,
                        "lead_adversary_return": [
                            0.0,
                            0.0,
                            0.0,
                            155.0,
                            0.0,
                            10.0,
                            115.0,
                            0.0,
                            10.0,
                            0.0
                        ],
                        "adversary_return": [
                            0.0,
                            0.0,
                            0.0,
                            155.0,
                            0.0,
                            10.0,
                            115.0,
                            0.0,
                            10.0,
                            0.0
                        ],
                        "agent_return": [
                            -2.016167402267456,
                            -3.6253280639648438,
                            2.7422571182250977,
                            -83.03433990478516,
                            -3.4058613777160645,
                            -10.371349334716797,
                            -61.02042007446289,
                            -3.046081066131592,
                            -8.099604606628418,
                            -3.0006465911865234
                        ],
                        "return": [
                            -0.6720558404922485,
                            -1.2084426879882812,
                            0.9140857458114624,
                            75.65522766113281,
                            -1.1352871656417847,
                            3.209550380706787,
                            56.32653045654297,
                            -1.0153603553771973,
                            3.9667985439300537,
                            -1.0002155303955078
                        ]
                    },
                    "step_1": {
                        "step_count": 240000,
                        "lead_adversary_return": [
                            0.0,
                            0.0,
                            30.0,
                            0.0,
                            145.0,
                            0.0,
                            20.0,
                            10.0,
                            15.0,
                            10.0
                        ],
                        "adversary_return": [
                            0.0,
                            0.0,
                            30.0,
                            0.0,
                            145.0,
                            0.0,
                            20.0,
                            10.0,
                            15.0,
                            10.0
                        ],
                        "agent_return": [
                            -2.296442985534668,
                            -2.5911941528320312,
                            -18.476245880126953,
                            -3.285893440246582,
                            -51.610450744628906,
                            -3.3518471717834473,
                            -14.267266273498535,
                            -8.618854522705078,
                            -9.809900283813477,
                            -9.46036148071289
                        ],
                        "return": [
                            -0.7654809951782227,
                            -0.8637313842773438,
                            13.841251373291016,
                            -1.0952978134155273,
                            79.46318817138672,
                            -1.1172823905944824,
                            8.5775785446167,
                            3.793715238571167,
                            6.7300333976745605,
                            3.5132129192352295
                        ]
                    },
                    "step_2": {
                        "step_count": 480000,
                        "lead_adversary_return": [
                            75.0,
                            70.0,
                            10.0,
                            0.0,
                            10.0,
                            10.0,
                            0.0,
                            0.0,
                            25.0,
                            10.0
                        ],
                        "adversary_return": [
                            75.0,
                            70.0,
                            10.0,
                            0.0,
                            10.0,
                            10.0,
                            0.0,
                            0.0,
                            25.0,
                            10.0
                        ],
                        "agent_return": [
                            -42.31476974487305,
                            -41.058937072753906,
                            -9.033296585083008,
                            -4.195713043212891,
                            -8.108108520507812,
                            -7.797488212585449,
                            -7.277185440063477,
                            -2.6464109420776367,
                            -15.103399276733398,
                            -7.205764293670654
                        ],
                        "return": [
                            35.895076751708984,
                            32.98035430908203,
                            3.6555678844451904,
                            -1.3985710144042969,
                            3.9639639854431152,
                            4.067503929138184,
                            -2.4257285594940186,
                            -0.8821370005607605,
                            11.632200241088867,
                            4.264745235443115
                        ]
                    },
                    "step_3": {
                        "step_count": 720000,
                        "lead_adversary_return": [
                            505.0,
                            0.0,
                            65.0,
                            0.0,
                            60.0,
                            135.0,
                            145.0,
                            125.0,
                            150.0,
                            175.0
                        ],
                        "adversary_return": [
                            505.0,
                            0.0,
                            65.0,
                            0.0,
                            60.0,
                            135.0,
                            145.0,
                            125.0,
                            150.0,
                            175.0
                        ],