{
    "vmas": {
        "simple_world_comm": {
            "mappo": {
                "seed_1": {
                    "absolute_metrics": {
                        "lead_adversary_return": [
                            375.0
                        ],
                        "adversary_return": [
                            375.0
                        ],
                        "agent_return": [
                            34.240745544433594
                        ],
                        "return": [
                            186.9573974609375
                        ]
                    },
                    "step_0": {
                        "step_count": 120000,
                        "lead_adversary_return": [
                            0.0,
                            0.0,
                            20.0,
                            90.0,
                            35.0,
                            10.0,
                            0.0,
                            35.0,
                            0.0,
                            0.0
                        ],
                        "adversary_return": [
                            0.0,
                            0.0,
                            20.0,
                            90.0,
                            35.0,
                            10.0,
                            0.0,
                            35.0,
                            0.0,
                            0.0
                        ],
                        "agent_return": [
                            7.0673298835754395,
                            -3.5793747901916504,
                            -13.86278247833252,
                            -48.3167610168457,
                            -20.71451187133789,
                            -9.985718727111816,
                            -1.23093581199646,
                            -23.58614158630371,
                            -1.969156265258789,
                            -3.5225913524627686
                        ],
                        "return": [
                            2.355776786804199,
                            -1.1931250095367432,
                            8.712406158447266,
                            43.89441680908203,
                            16.428497314453125,
                            3.3380937576293945,
                            -0.4103119373321533,
                            15.471285820007324,
                            -0.6563854217529297,
                            -1.1741971969604492
                        ]
                    },
                    "step_1": {
                        "step_count": 240000,
                        "lead_adversary_return": [
                            0.0,
                            0.0,
                            30.0,
                            0.0,
                            120.0,
                            0.0,
                            0.0,
                            0.0,
                            60.0,
                            0.0
                        ],
                        "adversary_return": [
                            0.0,
                            0.0,
                            30.0,
                            0.0,
                            120.0,
                            0.0,
                            0.0,
                            0.0,
                            60.0,
                            0.0
                        ],
                        "agent_return": [
                            -1.6827542781829834,
                            7.841683387756348,
                            -17.71367645263672,
                            -3.2468996047973633,
                            -62.81562042236328,
                            -3.651066303253174,
                            -2.857379913330078,
                            -3.9129819869995117,
                            -32.74141311645508,
                            -0.7530326843261719
                        ],
                        "return": [
                            -0.5609180927276611,
                            2.613894462585449,
                            14.095441818237305,
                            -1.0822999477386475,
                            59.06146240234375,
                            -1.217022180557251,
                            -0.952459990978241,
                            -1.304327368736267,
                            29.086196899414062,
                            -0.2510108947753906
                        ]
                    },
                    "step_2": {
                        "step_count": 480000,
                        "lead_adversary_return": [
                            30.0,
                            15.0,
                            0.0,
                            0.0,
                            0.0,
                            40.0,
                            15.0,
                            65.0,
                            0.0,
                            5.0
                        ],
                        "adversary_return": [
                            30.0,
                            15.0,
                            0.0,
                            0.0,
                            0.0,
                            40.0,
                            15.0,
                            65.0,
                            0.0,
                            5.0
                        ],
                        "agent_return": [
                            -19.240297317504883,
                            -9.73223876953125,
                            -2.868715286254883,
                            4.653928756713867,
                            -2.120312213897705,
                            -22.585758209228516,
                            -12.580801010131836,
                            -35.22488021850586,
                            -1.289156436920166,
                            -6.436038017272949
                        ],
                        "return": [
                            13.586568832397461,
                            6.75592041015625,
                            -0.9562384486198425,
                            1.551309585571289,
                            -0.7067707777023315,
                            19.138080596923828,
                            5.806399822235107,
                            31.591705322265625,
                            -0.42971882224082947,
                            1.1879873275756836
                        ]
                    },
                    "step_3": {
                        "step_count": 720000,
                        "lead_adversary_return": [
                            275.0,
                            85.0,
                            60.0,
                            0.0,
                            0.0,
                            35.0,
                            10.0,
                            0.0,
                            0.0,
                            175.0
                        ],
                        "adversary_return": [
                            275.0,
                            85.0,
                            60.0,
                            0.0,
                            0.0,
                            35.0,
                            10.0,
                            0.0,
                            0.0,
                            175.0
                        ],