{
    "vmas": {
        "simple_world_comm": {
            "mappo": {
                "seed_3": {
                    "absolute_metrics": {
                        "lead_adversary_return": [
                            985.0
                        ],
                        "adversary_return": [
                            985.0
                        ],
                        "agent_return": [
                            15.9478759765625
                        ],
                        "return": [
                            614.7354736328125
                        ]
                    },
                    "step_0": {
                        "step_count": 80000,
                        "lead_adversary_return": [
                            120.0,
                            0.0,
                            10.0,
                            5.0,
                            5.0,
                            110.0,
                            90.0,
                            45.0,
                            10.0,
                            185.0
                        ],
                        "adversary_return": [
                            120.0,
                            0.0,
                            10.0,
                            5.0,
                            5.0,
                            110.0,
                            90.0,
                            45.0,
                            10.0,
                            185.0
                        ],
                        "agent_return": [
                            -18.564048767089844,
                            5.9494428634643555,
                            -5.9398040771484375,
                            1.028735876083374,
                            2.2199249267578125,
                            -16.312368392944336,
                            -14.682385444641113,
                            -5.013087272644043,
                            -1.050697684288025,
                            -25.487001419067383
                        ],
                        "return": [
                            73.81198120117188,
                            1.9831476211547852,
                            4.686732292175293,
                            3.6762454509735107,
                            4.07330846786499,
                            67.89588165283203,
                            55.105873107910156,
                            28.32897186279297,
                            6.316434383392334,
                            114.8376693725586
                        ]
                    },
                    "step_1": {
                        "step_count": 240000,
                        "lead_adversary_return": [
                            25.0,
                            130.0,
                            10.0,
                            365.0,
                            185.0,
                            0.0,
                            115.0,
                            0.0,
                            40.0,
                            0.0
                        ],
                        "adversary_return": [
                            25.0,
                            130.0,
                            10.0,
                            365.0,
                            185.0,
                            0.0,
                            115.0,
                            0.0,
                            40.0,
                            0.0
                        ],
                        "agent_return": [
                            -6.823225498199463,
                            -18.720121383666992,
                            15.9478759765625,
                            -47.752357482910156,
                            -17.42378807067871,
                            3.738833427429199,
                            5.904292106628418,
                            5.886562347412109,
                            -4.936144828796387,
                            -0.7053214311599731
                        ],
                        "return": [
                            14.392257690429688,
                            80.42662811279297,
                            11.982625961303711,
                            227.41587829589844,
                            117.52540588378906,
                            1.2462778091430664,
                            78.634765625,
                            1.9621875286102295,
                            25.021286010742188,
                            -0.2351071536540985
                        ]
                    },
                    "step_2": {
                        "step_count": 480000,
                        "lead_adversary_return": [
                            40.0,
                            30.0,
                            20.0,
                            10.0,
                            345.0,
                            105.0,
                            50.0,
                            0.0,
                            100.0,
                            15.0
                        ],
                        "adversary_return": [
                            40.0,
                            30.0,
                            20.0,
                            10.0,
                            345.0,
                            105.0,
                            50.0,
                            0.0,
                            100.0,
                            15.0
                        ],
                        "agent_return": [
                            -5.720207214355469,
                            0.1244516372680664,
                            0.27553558349609375,
                            -3.571671724319458,
                            -45.05805206298828,
                            -13.605110168457031,
                            -6.328763484954834,
                            0.42645299434661865,
                            -15.030136108398438,
                            8.431446075439453
                        ],
                        "return": [
                            24.759931564331055,
                            20.041484832763672,
                            13.425178527832031,
                            5.476109504699707,
                            214.98065185546875,
                            65.4649658203125,
                            31.223745346069336,
                            0.14215099811553955,
                            61.65662384033203,
                            12.810482025146484
                        ]
                    },
                    "step_3": {
                        "step_count": 720000,
                        "lead_adversary_return": [
                            255.0,
                            255.0,
                            295.0,
                            130.0,
                            90.0,
                            285.0,
                            400.0,
                            250.0,
                            190.0,
                            375.0
                        ],
                        "adversary_return": [
                            255.0,
                            255.0,
                            295.0,
                            130.0,
                            90.0,
                            285.0,
                            400.0,
                            250.0,
                            190.0,
                            375.0
                        ],