{
    "vmas": {
        "simple_world_comm": {
            "maddpg": {
                "seed_7": {
                    "absolute_metrics": {
                        "lead_adversary_return": [
                            1160.0
                        ],
                        "adversary_return": [
                            1160.0
                        ],
                        "agent_return": [
                            -1.7925498485565186
                        ],
                        "return": [
                            577.20654296875
                        ]
                    },
                    "step_0": {
                        "step_count": 120000,
                        "lead_adversary_return": [
                            0.0,
                            0.0,
                            0.0,
                            0.0,
                            0.0,
                            0.0,
                            0.0,
                            0.0,
                            0.0,
                            0.0
                        ],
                        "adversary_return": [
                            0.0,
                            0.0,
                            0.0,
                            0.0,
                            0.0,
                            0.0,
                            0.0,
                            0.0,
                            0.0,
                            0.0
                        ],
                        "agent_return": [
                            -4.7907915115356445,
                            -6.934252738952637,
                            -4.468352317810059,
                            -6.478428840637207,
                            -2.2878189086914062,
                            -10.493364334106445,
                            -4.1086883544921875,
                            -3.66050386428833,
                            -10.529916763305664,
                            -5.30802583694458
                        ],
                        "return": [
                            -1.5969305038452148,
                            -2.311417579650879,
                            -1.4894508123397827,
                            -2.1594762802124023,
                            -0.7626063227653503,
                            -3.497788190841675,
                            -1.3695628643035889,
                            -1.2201679944992065,
                            -3.509972333908081,
                            -1.7693419456481934
                        ]
                    },
                    "step_1": {
                        "step_count": 240000,
                        "lead_adversary_return": [
                            755.0,
                            1160.0,
                            920.0,
                            0.0,
                            390.0,
                            370.0,
                            385.0,
                            940.0,
                            935.0,
                            415.0
                        ],
                        "adversary_return": [
                            755.0,
                            1160.0,
                            920.0,
                            0.0,
                            390.0,
                            370.0,
                            385.0,
                            940.0,
                            935.0,
                            415.0
                        ],
                        "agent_return": [
                            -382.90704345703125,
                            -588.3804931640625,
                            -463.7216491699219,
                            -4.2843475341796875,
                            -197.4183807373047,
                            -189.94593811035156,
                            -202.7275848388672,
                            -471.8332214355469,
                            -475.2223815917969,
                            -211.64398193359375
                        ],
                        "return": [
                            375.69769287109375,
                            577.20654296875,
                            458.75946044921875,
                            -1.4281158447265625,
                            194.19387817382812,
                            183.3513641357422,
                            189.09080505371094,
                            469.388916015625,
                            464.9258728027344,
                            206.11868286132812
                        ]
                    },
                    "step_2": {
                        "step_count": 480000,
                        "lead_adversary_return": [
                            0.0,
                            5.0,
                            0.0,
                            5.0,
                            0.0,
                            5.0,
                            0.0,
                            0.0,
                            5.0,
                            0.0
                        ],
                        "adversary_return": [
                            0.0,
                            5.0,
                            0.0,
                            5.0,
                            0.0,
                            5.0,
                            0.0,
                            0.0,
                            5.0,
                            0.0
                        ],
                        "agent_return": [
                            -5.545322895050049,
                            -6.317465782165527,
                            -4.06218147277832,
                            -4.814334869384766,
                            -5.474319934844971,
                            -4.7234954833984375,
                            -3.134582996368408,
                            -7.291524410247803,
                            -8.025720596313477,
                            -4.548595905303955
                        ],
                        "return": [
                            -1.8484410047531128,
                            1.2275114059448242,
                            -1.3540605306625366,
                            1.7285550832748413,
                            -1.8247733116149902,
                            1.7588348388671875,
                            -1.044861078262329,
                            -2.4305081367492676,
                            0.6580931544303894,
                            -1.5161986351013184
                        ]
                    },
                    "step_3": {
                        "step_count": 720000,
                        "lead_adversary_return": [
                            0.0,
                            5.0,
                            0.0,
                            5.0,
                            0.0,
                            5.0,
                            0.0,
                            0.0,
                            5.0,
                            0.0
                        ],
                        "adversary_return": [
                            0.0,
                            5.0,
                            0.0,
                            5.0,
                            0.0,
                            5.0,
                            0.0,
                            0.0,
                            5.0,
                            0.0
                        ],