{
    "vmas": {
        "simple_world_comm": {
            "ippo": {
                "seed_7": {
                    "absolute_metrics": {
                        "lead_adversary_return": [
                            890.0
                        ],
                        "adversary_return": [
                            890.0
                        ],
                        "agent_return": [
                            6.59837532043457
                        ],
                        "return": [
                            554.1163330078125
                        ]
                    },
                    "step_0": {
                        "step_count": 80000,
                        "lead_adversary_return": [
                            10.0,
                            0.0,
                            0.0,
                            25.0,
                            15.0,
                            15.0,
                            190.0,
                            20.0,
                            20.0,
                            0.0
                        ],
                        "adversary_return": [
                            10.0,
                            0.0,
                            0.0,
                            25.0,
                            15.0,
                            15.0,
                            190.0,
                            20.0,
                            20.0,
                            0.0
                        ],
                        "agent_return": [
                            -5.380287170410156,
                            0.03760647773742676,
                            -1.7982333898544312,
                            -1.4097304344177246,
                            -4.336775302886963,
                            -1.8402924537658691,
                            -25.858489990234375,
                            -5.787409782409668,
                            -6.082636833190918,
                            -3.3406879901885986
                        ],
                        "return": [
                            4.873237609863281,
                            0.01253549288958311,
                            -0.599411129951477,
                            16.196758270263672,
                            8.55440902709961,
                            9.38656997680664,
                            118.04717254638672,
                            11.404196739196777,
                            11.305788040161133,
                            -1.1135627031326294
                        ]
                    },
                    "step_1": {
                        "step_count": 240000,
                        "lead_adversary_return": [
                            15.0,
                            210.0,
                            165.0,
                            110.0,
                            125.0,
                            0.0,
                            95.0,
                            390.0,
                            15.0,
                            5.0
                        ],
                        "adversary_return": [
                            15.0,
                            210.0,
                            165.0,
                            110.0,
                            125.0,
                            0.0,
                            95.0,
                            390.0,
                            15.0,
                            5.0
                        ],
                        "agent_return": [
                            6.59837532043457,
                            -26.3354549407959,
                            -16.70003890991211,
                            -16.604467391967773,
                            -6.714485168457031,
                            -0.23122024536132812,
                            -5.605167388916016,
                            -48.07027816772461,
                            -4.0919952392578125,
                            -1.4227538108825684
                        ],
                        "return": [
                            12.199458122253418,
                            131.22152709960938,
                            104.43331909179688,
                            67.79851531982422,
                            81.09517669677734,
                            -0.07707341760396957,
                            61.46494674682617,
                            243.97659301757812,
                            8.636001586914062,
                            2.859081983566284
                        ]
                    },
                    "step_2": {
                        "step_count": 480000,
                        "lead_adversary_return": [
                            145.0,
                            115.0,
                            165.0,
                            45.0,
                            25.0,
                            20.0,
                            0.0,
                            55.0,
                            90.0,
                            165.0
                        ],
                        "adversary_return": [
                            145.0,
                            115.0,
                            165.0,
                            45.0,
                            25.0,
                            20.0,
                            0.0,
                            55.0,
                            90.0,
                            165.0
                        ],
                        "agent_return": [
                            -17.42723274230957,
                            -17.590105056762695,
                            -22.175731658935547,
                            -9.40423583984375,
                            -4.636382579803467,
                            -5.312609672546387,
                            -2.563971519470215,
                            -4.798762798309326,
                            -13.944674491882324,
                            -24.196866989135742
                        ],
                        "return": [
                            90.85758972167969,
                            70.80329895019531,
                            102.60809326171875,
                            26.86525535583496,
                            15.121206283569336,
                            11.562463760375977,
                            -0.8546571731567383,
                            35.067081451416016,
                            55.351776123046875,
                            101.93437957763672
                        ]
                    },
                    "step_3": {
                        "step_count": 720000,
                        "lead_adversary_return": [
                            55.0,
                            190.0,
                            280.0,
                            500.0,
                            25.0,
                            15.0,
                            150.0,
                            75.0,
                            150.0,
                            0.0
                        ],
                        "adversary_return": [
                            55.0,
                            190.0,
                            280.0,
                            500.0,
                            25.0,
                            15.0,
                            150.0,
                            75.0,
                            150.0,
                            0.0
                        ],