{
    "vmas": {
        "simple_world_comm": {
            "masac": {
                "seed_2": {
                    "absolute_metrics": {
                        "lead_adversary_return": [
                            195.0
                        ],
                        "adversary_return": [
                            195.0
                        ],
                        "agent_return": [
                            75.42509460449219
                        ],
                        "return": [
                            96.79188537597656
                        ]
                    },
                    "step_0": {
                        "step_count": 120000,
                        "lead_adversary_return": [
                            70.0,
                            40.0,
                            0.0,
                            0.0,
                            0.0,
                            10.0,
                            0.0,
                            0.0,
                            0.0,
                            0.0
                        ],
                        "adversary_return": [
                            70.0,
                            40.0,
                            0.0,
                            0.0,
                            0.0,
                            10.0,
                            0.0,
                            0.0,
                            0.0,
                            0.0
                        ],
                        "agent_return": [
                            -39.43389892578125,
                            -28.068782806396484,
                            75.42509460449219,
                            -2.7725868225097656,
                            -2.884793281555176,
                            -9.803176879882812,
                            -5.327881813049316,
                            -4.590863227844238,
                            -5.2463059425354,
                            -3.5516252517700195
                        ],
                        "return": [
                            33.52203369140625,
                            17.310405731201172,
                            25.141698837280273,
                            -0.9241956472396851,
                            -0.9615978002548218,
                            3.3989410400390625,
                            -1.7759606838226318,
                            -1.530287742614746,
                            -1.74876868724823,
                            -1.1838750839233398
                        ]
                    },
                    "step_1": {
                        "step_count": 240000,
                        "lead_adversary_return": [
                            10.0,
                            0.0,
                            0.0,
                            0.0,
                            0.0,
                            0.0,
                            0.0,
                            145.0,
                            0.0,
                            50.0
                        ],
                        "adversary_return": [
                            10.0,
                            0.0,
                            0.0,
                            0.0,
                            0.0,
                            0.0,
                            0.0,
                            145.0,
                            0.0,
                            50.0
                        ],
                        "agent_return": [
                            -12.49069595336914,
                            -4.013788223266602,
                            -4.11359977722168,
                            -2.7085859775543213,
                            -4.728150844573975,
                            -4.003973007202148,
                            -6.61895751953125,
                            -76.1085205078125,
                            -3.668062686920166,
                            -29.084501266479492
                        ],
                        "return": [
                            2.503101348876953,
                            -1.3379294872283936,
                            -1.3711999654769897,
                            -0.902862012386322,
                            -1.5760502815246582,
                            -1.3346576690673828,
                            -2.2063193321228027,
                            71.29716491699219,
                            -1.2226876020431519,
                            23.638500213623047
                        ]
                    },
                    "step_2": {
                        "step_count": 480000,
                        "lead_adversary_return": [
                            0.0,
                            0.0,
                            0.0,
                            0.0,
                            0.0,
                            0.0,
                            90.0,
                            0.0,
                            0.0,
                            0.0
                        ],
                        "adversary_return": [
                            0.0,
                            0.0,
                            0.0,
                            0.0,
                            0.0,
                            0.0,
                            90.0,
                            0.0,
                            0.0,
                            0.0
                        ],
                        "agent_return": [
                            -1.7019388675689697,
                            -2.8577048778533936,
                            -3.4734859466552734,
                            -5.755928039550781,
                            -2.9432859420776367,
                            -2.213484764099121,
                            -47.19243621826172,
                            -2.9280757904052734,
                            -3.1805214881896973,
                            -6.159909248352051
                        ],
                        "return": [
                            -0.5673129558563232,
                            -0.9525682926177979,
                            -1.157828688621521,
                            -1.9186427593231201,
                            -0.9810953140258789,
                            -0.737828254699707,
                            44.269187927246094,
                            -0.9760252833366394,
                            -1.0601738691329956,
                            -2.0533032417297363
                        ]
                    },
                    "step_3": {
                        "step_count": 720000,
                        "lead_adversary_return": [
                            0.0,
                            0.0,
                            0.0,
                            0.0,
                            0.0,
                            0.0,
                            195.0,
                            0.0,
                            0.0,
                            0.0
                        ],
                        "adversary_return": [
                            0.0,
                            0.0,
                            0.0,
                            0.0,
                            0.0,
                            0.0,
                            195.0,
                            0.0,
                            0.0,
                            0.0
                        ],