{
    "vmas": {
        "simple_world_comm": {
            "iddpg": {
                "seed_2": {
                    "absolute_metrics": {
                        "lead_adversary_return": [
                            1720.0
                        ],
                        "adversary_return": [
                            1720.0
                        ],
                        "agent_return": [
                            -1.4758707284927368
                        ],
                        "return": [
                            857.6678466796875
                        ]
                    },
                    "step_0": {
                        "step_count": 120000,
                        "lead_adversary_return": [
                            0.0,
                            5.0,
                            0.0,
                            0.0,
                            0.0,
                            10.0,
                            0.0,
                            0.0,
                            0.0,
                            0.0
                        ],
                        "adversary_return": [
                            0.0,
                            5.0,
                            0.0,
                            0.0,
                            0.0,
                            10.0,
                            0.0,
                            0.0,
                            0.0,
                            0.0
                        ],
                        "agent_return": [
                            -6.116959095001221,
                            -8.56661605834961,
                            -4.5739006996154785,
                            -3.3694355487823486,
                            -3.362438678741455,
                            -9.747970581054688,
                            -5.865010738372803,
                            -1.778440237045288,
                            -6.401457786560059,
                            -7.8805975914001465
                        ],
                        "return": [
                            -2.0389864444732666,
                            0.4777946472167969,
                            -1.5246336460113525,
                            -1.1231452226638794,
                            -1.1208128929138184,
                            3.4173431396484375,
                            -1.9550036191940308,
                            -0.5928134322166443,
                            -2.133819341659546,
                            -2.626865863800049
                        ]
                    },
                    "step_1": {
                        "step_count": 240000,
                        "lead_adversary_return": [
                            15.0,
                            0.0,
                            0.0,
                            10.0,
                            5.0,
                            5.0,
                            15.0,
                            635.0,
                            0.0,
                            5.0
                        ],
                        "adversary_return": [
                            15.0,
                            0.0,
                            0.0,
                            10.0,
                            5.0,
                            5.0,
                            15.0,
                            635.0,
                            0.0,
                            5.0
                        ],
                        "agent_return": [
                            -17.50586700439453,
                            -3.1400344371795654,
                            -3.17502498626709,
                            -11.743043899536133,
                            -9.316673278808594,
                            -7.837002754211426,
                            -12.325899124145508,
                            -321.57598876953125,
                            -6.903846740722656,
                            -6.576026439666748
                        ],
                        "return": [
                            4.164710998535156,
                            -1.0466781854629517,
                            -1.0583417415618896,
                            2.752318859100342,
                            0.22777557373046875,
                            0.7209991216659546,
                            5.891366958618164,
                            316.141357421875,
                            -2.3012824058532715,
                            1.141324520111084
                        ]
                    },
                    "step_2": {
                        "step_count": 480000,
                        "lead_adversary_return": [
                            0.0,
                            475.0,
                            15.0,
                            5.0,
                            0.0,
                            0.0,
                            410.0,
                            10.0,
                            0.0,
                            390.0
                        ],
                        "adversary_return": [
                            0.0,
                            475.0,
                            15.0,
                            5.0,
                            0.0,
                            0.0,
                            410.0,
                            10.0,
                            0.0,
                            390.0
                        ],
                        "agent_return": [
                            -3.069413423538208,
                            -240.62721252441406,
                            -13.030487060546875,
                            -5.974484920501709,
                            -3.383309841156006,
                            -8.099526405334473,
                            -209.48353576660156,
                            -7.986330986022949,
                            -5.313258171081543,
                            -198.58168029785156
                        ],
                        "return": [
                            -1.0231378078460693,
                            236.45761108398438,
                            5.6565046310424805,
                            1.3418383598327637,
                            -1.127769947052002,
                            -2.6998422145843506,
                            203.5054931640625,
                            4.004556655883789,
                            -1.7710860967636108,
                            193.80612182617188
                        ]
                    },
                    "step_3": {
                        "step_count": 720000,
                        "lead_adversary_return": [
                            1505.0,
                            915.0,
                            1285.0,
                            1045.0,
                            1200.0,
                            1305.0,
                            1720.0,
                            1570.0,
                            800.0,
                            1075.0
                        ],
                        "adversary_return": [
                            1505.0,
                            915.0,
                            1285.0,
                            1045.0,
                            1200.0,
                            1305.0,
                            1720.0,
                            1570.0,
                            800.0,
                            1075.0
                        ],