{
    "vmas": {
        "simple_world_comm": {
            "ippovinonorm": {
                "seed_0": {
                    "absolute_metrics": {
                        "lead_adversary_return": [
                            365.0
                        ],
                        "adversary_return": [
                            365.0
                        ],
                        "agent_return": [
                            9.01666259765625
                        ],
                        "return": [
                            180.7677459716797
                        ]
                    },
                    "step_0": {
                        "step_count": 120000,
                        "lead_adversary_return": [
                            0.0,
                            0.0,
                            0.0,
                            0.0,
                            20.0,
                            0.0,
                            20.0,
                            0.0,
                            35.0,
                            0.0
                        ],
                        "adversary_return": [
                            0.0,
                            0.0,
                            0.0,
                            0.0,
                            20.0,
                            0.0,
                            20.0,
                            0.0,
                            35.0,
                            0.0
                        ],
                        "agent_return": [
                            -4.010683059692383,
                            -7.302953720092773,
                            -4.363716125488281,
                            -2.614708662033081,
                            -15.697410583496094,
                            -9.371389389038086,
                            -14.674347877502441,
                            -3.4448132514953613,
                            -21.074613571166992,
                            -4.315257549285889
                        ],
                        "return": [
                            -1.3368943929672241,
                            -2.4343180656433105,
                            -1.454572081565857,
                            -0.8715695738792419,
                            8.100863456726074,
                            -3.1237964630126953,
                            8.441884994506836,
                            -1.148271083831787,
                            16.308462142944336,
                            -1.438419222831726
                        ]
                    },
                    "step_1": {
                        "step_count": 240000,
                        "lead_adversary_return": [
                            0.0,
                            10.0,
                            0.0,
                            0.0,
                            0.0,
                            0.0,
                            0.0,
                            0.0,
                            5.0,
                            0.0
                        ],
                        "adversary_return": [
                            0.0,
                            10.0,
                            0.0,
                            0.0,
                            0.0,
                            0.0,
                            0.0,
                            0.0,
                            5.0,
                            0.0
                        ],
                        "agent_return": [
                            -5.482908248901367,
                            -8.617020606994629,
                            -7.066811561584473,
                            -5.925850868225098,
                            -7.540661811828613,
                            -7.538297653198242,
                            2.5369057655334473,
                            -3.644158363342285,
                            -6.789943695068359,
                            -6.900975704193115
                        ],
                        "return": [
                            -1.8276361227035522,
                            3.7943265438079834,
                            -2.3556039333343506,
                            -1.9752836227416992,
                            -2.513554096221924,
                            -2.512765884399414,
                            0.8456352949142456,
                            -1.214719533920288,
                            1.0700187683105469,
                            -2.300325393676758
                        ]
                    },
                    "step_2": {
                        "step_count": 480000,
                        "lead_adversary_return": [
                            20.0,
                            0.0,
                            0.0,
                            100.0,
                            225.0,
                            15.0,
                            80.0,
                            30.0,
                            0.0,
                            0.0
                        ],
                        "adversary_return": [
                            20.0,
                            0.0,
                            0.0,
                            100.0,
                            225.0,
                            15.0,
                            80.0,
                            30.0,
                            0.0,
                            0.0
                        ],
                        "agent_return": [
                            -15.279510498046875,
                            -3.4394631385803223,
                            -8.636491775512695,
                            -35.04667663574219,
                            -115.09054565429688,
                            -5.940969467163086,
                            -45.624080657958984,
                            -18.833786010742188,
                            -2.3138132095336914,
                            -9.608072280883789
                        ],
                        "return": [
                            8.240163803100586,
                            -1.1464877128601074,
                            -2.878830671310425,
                            54.98444366455078,
                            111.63648986816406,
                            8.01967716217041,
                            38.12530517578125,
                            13.722071647644043,
                            -0.7712711095809937,
                            -3.202690839767456
                        ]
                    },
                    "step_3": {
                        "step_count": 720000,
                        "lead_adversary_return": [
                            5.0,
                            5.0,
                            0.0,
                            10.0,
                            170.0,
                            20.0,
                            105.0,
                            20.0,
                            0.0,
                            0.0
                        ],
                        "adversary_return": [
                            5.0,
                            5.0,
                            0.0,
                            10.0,
                            170.0,
                            20.0,
                            105.0,
                            20.0,
                            0.0,
                            0.0
                        ],