{
    "vmas": {
        "simple_world_comm": {
            "ippovinonorm": {
                "seed_3": {
                    "absolute_metrics": {
                        "lead_adversary_return": [
                            590.0
                        ],
                        "adversary_return": [
                            590.0
                        ],
                        "agent_return": [
                            11.803510665893555
                        ],
                        "return": [
                            367.3914794921875
                        ]
                    },
                    "step_0": {
                        "step_count": 80000,
                        "lead_adversary_return": [
                            40.0,
                            20.0,
                            10.0,
                            50.0,
                            365.0,
                            110.0,
                            35.0,
                            70.0,
                            10.0,
                            80.0
                        ],
                        "adversary_return": [
                            40.0,
                            20.0,
                            10.0,
                            50.0,
                            365.0,
                            110.0,
                            35.0,
                            70.0,
                            10.0,
                            80.0
                        ],
                        "agent_return": [
                            -9.300268173217773,
                            -2.0409364700317383,
                            -5.390773296356201,
                            -10.58027458190918,
                            -42.048927307128906,
                            -16.755199432373047,
                            -7.681983470916748,
                            -10.511028289794922,
                            11.803510665893555,
                            -5.53530740737915
                        ],
                        "return": [
                            23.566577911376953,
                            12.653021812438965,
                            4.869742393493652,
                            29.806575775146484,
                            229.3170166015625,
                            67.7482681274414,
                            20.772672653198242,
                            43.16299057006836,
                            10.601170539855957,
                            51.48823165893555
                        ]
                    },
                    "step_1": {
                        "step_count": 240000,
                        "lead_adversary_return": [
                            0.0,
                            20.0,
                            145.0,
                            0.0,
                            175.0,
                            35.0,
                            15.0,
                            215.0,
                            100.0,
                            5.0
                        ],
                        "adversary_return": [
                            0.0,
                            20.0,
                            145.0,
                            0.0,
                            175.0,
                            35.0,
                            15.0,
                            215.0,
                            100.0,
                            5.0
                        ],
                        "agent_return": [
                            -3.681140899658203,
                            -5.31539249420166,
                            -19.44164276123047,
                            -4.480111122131348,
                            -26.759456634521484,
                            -7.221114158630371,
                            -4.957576751708984,
                            -30.54395294189453,
                            -15.030675888061523,
                            -0.9718096256256104
                        ],
                        "return": [
                            -1.2270469665527344,
                            11.56153678894043,
                            90.18611907958984,
                            -1.4933704137802124,
                            107.7468490600586,
                            20.92629623413086,
                            8.347475051879883,
                            133.1520233154297,
                            61.65644454956055,
                            3.009397029876709
                        ]
                    },
                    "step_2": {
                        "step_count": 480000,
                        "lead_adversary_return": [
                            20.0,
                            125.0,
                            575.0,
                            65.0,
                            10.0,
                            135.0,
                            155.0,
                            0.0,
                            20.0,
                            355.0
                        ],
                        "adversary_return": [
                            20.0,
                            125.0,
                            575.0,
                            65.0,
                            10.0,
                            135.0,
                            155.0,
                            0.0,
                            20.0,
                            355.0
                        ],
                        "agent_return": [
                            -6.456122398376465,
                            -5.710536479949951,
                            -71.63998413085938,
                            -10.426042556762695,
                            1.280095100402832,
                            -21.485286712646484,
                            -22.655567169189453,
                            -3.5851590633392334,
                            -6.011585235595703,
                            -40.67336654663086
                        ],
                        "return": [
                            11.181292533874512,
                            81.42982482910156,
                            359.4533386230469,
                            39.85798645019531,
                            7.093364715576172,
                            82.83824157714844,
                            95.78147888183594,
                            -1.1950531005859375,
                            11.329471588134766,
                            223.10888671875
                        ]
                    },
                    "step_3": {
                        "step_count": 720000,
                        "lead_adversary_return": [
                            5.0,
                            255.0,
                            0.0,
                            5.0,
                            60.0,
                            15.0,
                            10.0,
                            590.0,
                            255.0,
                            0.0
                        ],
                        "adversary_return": [
                            5.0,
                            255.0,
                            0.0,
                            5.0,
                            60.0,
                            15.0,
                            10.0,
                            590.0,
                            255.0,
                            0.0
                        ],