{
    "vmas": {
        "simple_world_comm": {
            "ippovinoanchor": {
                "seed_3": {
                    "absolute_metrics": {
                        "lead_adversary_return": [
                            745.0
                        ],
                        "adversary_return": [
                            745.0
                        ],
                        "agent_return": [
                            52.051666259765625
                        ],
                        "return": [
                            370.28289794921875
                        ]
                    },
                    "step_0": {
                        "step_count": 120000,
                        "lead_adversary_return": [
                            115.0,
                            0.0,
                            10.0,
                            0.0,
                            160.0,
                            0.0,
                            0.0,
                            0.0,
                            5.0,
                            235.0
                        ],
                        "adversary_return": [
                            115.0,
                            0.0,
                            10.0,
                            0.0,
                            160.0,
                            0.0,
                            0.0,
                            0.0,
                            5.0,
                            235.0
                        ],
                        "agent_return": [
                            -61.09429931640625,
                            -3.386895179748535,
                            -8.179145812988281,
                            -4.032282829284668,
                            -84.93047332763672,
                            -1.6869480609893799,
                            -4.7726054191589355,
                            -3.6736698150634766,
                            -5.192498683929443,
                            -119.42994689941406
                        ],
                        "return": [
                            56.301902770996094,
                            -1.128965139389038,
                            3.9402847290039062,
                            -1.3440942764282227,
                            78.35650634765625,
                            -0.5623160600662231,
                            -1.5908684730529785,
                            -1.2245566844940186,
                            1.6025004386901855,
                            116.856689453125
                        ]
                    },
                    "step_1": {
                        "step_count": 240000,
                        "lead_adversary_return": [
                            0.0,
                            0.0,
                            0.0,
                            0.0,
                            0.0,
                            0.0,
                            35.0,
                            0.0,
                            0.0,
                            360.0
                        ],
                        "adversary_return": [
                            0.0,
                            0.0,
                            0.0,
                            0.0,
                            0.0,
                            0.0,
                            35.0,
                            0.0,
                            0.0,
                            360.0
                        ],
                        "agent_return": [
                            -3.2769625186920166,
                            3.6303625106811523,
                            -3.3565478324890137,
                            -3.688730478286743,
                            10.85959529876709,
                            -4.914109230041504,
                            -19.999366760253906,
                            11.687601089477539,
                            -5.146902084350586,
                            -184.33705139160156
                        ],
                        "return": [
                            -1.0923209190368652,
                            1.2101209163665771,
                            -1.118849277496338,
                            -1.229576826095581,
                            3.6198651790618896,
                            -1.6380364894866943,
                            16.66687774658203,
                            3.895867109298706,
                            -1.7156341075897217,
                            178.5543212890625
                        ]
                    },
                    "step_2": {
                        "step_count": 480000,
                        "lead_adversary_return": [
                            10.0,
                            0.0,
                            0.0,
                            10.0,
                            190.0,
                            0.0,
                            10.0,
                            220.0,
                            0.0,
                            0.0
                        ],
                        "adversary_return": [
                            10.0,
                            0.0,
                            0.0,
                            10.0,
                            190.0,
                            0.0,
                            10.0,
                            220.0,
                            0.0,
                            0.0
                        ],
                        "agent_return": [
                            -8.09307861328125,
                            -4.695202350616455,
                            -5.24562931060791,
                            -10.969264030456543,
                            -98.51449584960938,
                            1.2702758312225342,
                            -10.084036827087402,
                            -113.43305969238281,
                            -4.799471855163574,
                            0.7839477062225342
                        ],
                        "return": [
                            3.9689738750457764,
                            -1.5650675296783447,
                            -1.7485431432724,
                            3.0102453231811523,
                            93.82850646972656,
                            0.4234252870082855,
                            3.305321216583252,
                            108.85565185546875,
                            -1.5998239517211914,
                            0.2613159120082855
                        ]
                    },
                    "step_3": {
                        "step_count": 720000,
                        "lead_adversary_return": [
                            5.0,
                            0.0,
                            0.0,
                            10.0,
                            10.0,
                            0.0,
                            10.0,
                            20.0,
                            0.0,
                            0.0
                        ],
                        "adversary_return": [
                            5.0,
                            0.0,
                            0.0,
                            10.0,
                            10.0,
                            0.0,
                            10.0,
                            20.0,
                            0.0,
                            0.0
                        ],