{
    "vmas": {
        "simple_world_comm": {
            "masac": {
                "seed_8": {
                    "absolute_metrics": {
                        "lead_adversary_return": [
                            355.0
                        ],
                        "adversary_return": [
                            355.0
                        ],
                        "agent_return": [
                            32.5521354675293
                        ],
                        "return": [
                            175.69590759277344
                        ]
                    },
                    "step_0": {
                        "step_count": 120000,
                        "lead_adversary_return": [
                            10.0,
                            0.0,
                            0.0,
                            0.0,
                            0.0,
                            0.0,
                            0.0,
                            0.0,
                            0.0,
                            10.0
                        ],
                        "adversary_return": [
                            10.0,
                            0.0,
                            0.0,
                            0.0,
                            0.0,
                            0.0,
                            0.0,
                            0.0,
                            0.0,
                            10.0
                        ],
                        "agent_return": [
                            -7.700755596160889,
                            -2.812969446182251,
                            14.334328651428223,
                            32.5521354675293,
                            -3.3473825454711914,
                            -2.4419827461242676,
                            -5.0486626625061035,
                            -7.298094749450684,
                            -5.563332557678223,
                            -8.231731414794922
                        ],
                        "return": [
                            4.099748134613037,
                            -0.9376565217971802,
                            4.778109550476074,
                            10.850711822509766,
                            -1.1157941818237305,
                            -0.813994288444519,
                            -1.6828875541687012,
                            -2.4326982498168945,
                            -1.8544442653656006,
                            3.9227561950683594
                        ]
                    },
                    "step_1": {
                        "step_count": 240000,
                        "lead_adversary_return": [
                            0.0,
                            0.0,
                            40.0,
                            0.0,
                            15.0,
                            0.0,
                            0.0,
                            0.0,
                            15.0,
                            0.0
                        ],
                        "adversary_return": [
                            0.0,
                            0.0,
                            40.0,
                            0.0,
                            15.0,
                            0.0,
                            0.0,
                            0.0,
                            15.0,
                            0.0
                        ],
                        "agent_return": [
                            -2.0963172912597656,
                            -4.222354888916016,
                            -22.002721786499023,
                            -1.7900357246398926,
                            -10.803380966186523,
                            -3.1691746711730957,
                            -2.622467041015625,
                            -4.0142951011657715,
                            -12.26641845703125,
                            -2.859733819961548
                        ],
                        "return": [
                            -0.6987724304199219,
                            -1.4074516296386719,
                            19.332426071166992,
                            -0.596678614616394,
                            6.398873329162598,
                            -1.0563915967941284,
                            -0.8741557002067566,
                            -1.338098406791687,
                            5.91119384765625,
                            -0.9532446265220642
                        ]
                    },
                    "step_2": {
                        "step_count": 480000,
                        "lead_adversary_return": [
                            0.0,
                            0.0,
                            0.0,
                            290.0,
                            0.0,
                            0.0,
                            0.0,
                            0.0,
                            0.0,
                            0.0
                        ],
                        "adversary_return": [
                            0.0,
                            0.0,
                            0.0,
                            290.0,
                            0.0,
                            0.0,
                            0.0,
                            0.0,
                            0.0,
                            0.0
                        ],
                        "agent_return": [
                            -2.022448778152466,
                            -2.7285256385803223,
                            -4.7751545906066895,
                            -150.3065643310547,
                            -2.589857578277588,
                            -5.583372592926025,
                            -3.603832483291626,
                            -1.7914385795593262,
                            -4.433771133422852,
                            -5.37693452835083
                        ],
                        "return": [
                            -0.6741496324539185,
                            -0.9095085859298706,
                            -1.5917181968688965,
                            143.23114013671875,
                            -0.8632858991622925,
                            -1.8611242771148682,
                            -1.201277494430542,
                            -0.597146213054657,
                            -1.4779237508773804,
                            -1.7923115491867065
                        ]
                    },
                    "step_3": {
                        "step_count": 720000,
                        "lead_adversary_return": [
                            0.0,
                            0.0,
                            0.0,
                            355.0,
                            0.0,
                            0.0,
                            0.0,
                            0.0,
                            0.0,
                            0.0
                        ],
                        "adversary_return": [
                            0.0,
                            0.0,
                            0.0,
                            355.0,
                            0.0,
                            0.0,
                            0.0,
                            0.0,
                            0.0,
                            0.0
                        ],