{
    "vmas": {
        "simple_world_comm": {
            "ippovi": {
                "seed_4": {
                    "absolute_metrics": {
                        "lead_adversary_return": [
                            685.0
                        ],
                        "adversary_return": [
                            685.0
                        ],
                        "agent_return": [
                            11.462630271911621
                        ],
                        "return": [
                            339.7776184082031
                        ]
                    },
                    "step_0": {
                        "step_count": 120000,
                        "lead_adversary_return": [
                            0.0,
                            45.0,
                            0.0,
                            0.0,
                            0.0,
                            0.0,
                            0.0,
                            10.0,
                            0.0,
                            195.0
                        ],
                        "adversary_return": [
                            0.0,
                            45.0,
                            0.0,
                            0.0,
                            0.0,
                            0.0,
                            0.0,
                            10.0,
                            0.0,
                            195.0
                        ],
                        "agent_return": [
                            -0.6196579933166504,
                            -29.142385482788086,
                            -3.5824027061462402,
                            -4.693254470825195,
                            -4.178338050842285,
                            -0.5822128057479858,
                            -3.183541774749756,
                            -8.249380111694336,
                            -5.059359073638916,
                            -100.4959945678711
                        ],
                        "return": [
                            -0.2065526694059372,
                            20.285871505737305,
                            -1.19413423538208,
                            -1.5644181966781616,
                            -1.3927793502807617,
                            -0.1940709352493286,
                            -1.061180591583252,
                            3.9168734550476074,
                            -1.686453104019165,
                            96.50133514404297
                        ]
                    },
                    "step_1": {
                        "step_count": 240000,
                        "lead_adversary_return": [
                            0.0,
                            0.0,
                            0.0,
                            10.0,
                            10.0,
                            0.0,
                            5.0,
                            340.0,
                            0.0,
                            0.0
                        ],
                        "adversary_return": [
                            0.0,
                            0.0,
                            0.0,
                            10.0,
                            10.0,
                            0.0,
                            5.0,
                            340.0,
                            0.0,
                            0.0
                        ],
                        "agent_return": [
                            -4.42185115814209,
                            -2.9808459281921387,
                            -8.898083686828613,
                            -8.92049503326416,
                            -10.261219024658203,
                            -4.103163719177246,
                            -8.331103324890137,
                            -177.5260009765625,
                            -8.199732780456543,
                            11.462630271911621
                        ],
                        "return": [
                            -1.4739503860473633,
                            -0.9936153292655945,
                            -2.9660279750823975,
                            3.6931684017181396,
                            3.246260404586792,
                            -1.3677213191986084,
                            0.5562989115715027,
                            167.4913330078125,
                            -2.7332444190979004,
                            3.8208768367767334
                        ]
                    },
                    "step_2": {
                        "step_count": 480000,
                        "lead_adversary_return": [
                            0.0,
                            10.0,
                            215.0,
                            5.0,
                            0.0,
                            205.0,
                            20.0,
                            20.0,
                            0.0,
                            5.0
                        ],
                        "adversary_return": [
                            0.0,
                            10.0,
                            215.0,
                            5.0,
                            0.0,
                            205.0,
                            20.0,
                            20.0,
                            0.0,
                            5.0
                        ],
                        "agent_return": [
                            -4.685600280761719,
                            -8.976068496704102,
                            -112.05361938476562,
                            1.6523017883300781,
                            -4.575142860412598,
                            -106.5062484741211,
                            -16.79955291748047,
                            -15.283353805541992,
                            -4.537640571594238,
                            -5.234070777893066
                        ],
                        "return": [
                            -1.5618667602539062,
                            3.6746439933776855,
                            105.98213195800781,
                            3.8841006755828857,
                            -1.5250476598739624,
                            101.16458129882812,
                            7.733482360839844,
                            8.238882064819336,
                            -1.5125468969345093,
                            1.5886430740356445
                        ]
                    },
                    "step_3": {
                        "step_count": 720000,
                        "lead_adversary_return": [
                            0.0,
                            225.0,
                            0.0,
                            10.0,
                            10.0,
                            30.0,
                            10.0,
                            10.0,
                            415.0,
                            20.0
                        ],
                        "adversary_return": [
                            0.0,
                            225.0,
                            0.0,
                            10.0,
                            10.0,
                            30.0,
                            10.0,
                            10.0,
                            415.0,
                            20.0
                        ],