{
    "vmas": {
        "simple_world_comm": {
            "ippoextragradient": {
                "seed_0": {
                    "absolute_metrics": {
                        "lead_adversary_return": [
                            510.0
                        ],
                        "adversary_return": [
                            510.0
                        ],
                        "agent_return": [
                            40.264259338378906
                        ],
                        "return": [
                            252.9586181640625
                        ]
                    },
                    "step_0": {
                        "step_count": 120000,
                        "lead_adversary_return": [
                            10.0,
                            55.0,
                            0.0,
                            10.0,
                            85.0,
                            0.0,
                            0.0,
                            0.0,
                            50.0,
                            0.0
                        ],
                        "adversary_return": [
                            10.0,
                            55.0,
                            0.0,
                            10.0,
                            85.0,
                            0.0,
                            0.0,
                            0.0,
                            50.0,
                            0.0
                        ],
                        "agent_return": [
                            -8.269164085388184,
                            -31.039453506469727,
                            -3.7995526790618896,
                            -2.789398670196533,
                            -46.68204116821289,
                            -3.681601047515869,
                            -2.3027186393737793,
                            -4.8589301109313965,
                            -31.326160430908203,
                            -2.1509697437286377
                        ],
                        "return": [
                            3.910278797149658,
                            26.32018280029297,
                            -1.2665176391601562,
                            5.736867427825928,
                            41.105987548828125,
                            -1.2272003889083862,
                            -0.7675728797912598,
                            -1.6196434497833252,
                            22.891281127929688,
                            -0.7169899344444275
                        ]
                    },
                    "step_1": {
                        "step_count": 240000,
                        "lead_adversary_return": [
                            10.0,
                            75.0,
                            0.0,
                            0.0,
                            5.0,
                            0.0,
                            15.0,
                            0.0,
                            0.0,
                            0.0
                        ],
                        "adversary_return": [
                            10.0,
                            75.0,
                            0.0,
                            0.0,
                            5.0,
                            0.0,
                            15.0,
                            0.0,
                            0.0,
                            0.0
                        ],
                        "agent_return": [
                            -8.404610633850098,
                            -40.19658279418945,
                            -4.201681137084961,
                            -8.621706008911133,
                            -5.961743354797363,
                            -3.521338939666748,
                            -11.76957893371582,
                            -6.014471054077148,
                            -3.4708523750305176,
                            -2.936946392059326
                        ],
                        "return": [
                            3.8651299476623535,
                            36.60114288330078,
                            -1.4005603790283203,
                            -2.8739020824432373,
                            1.346085548400879,
                            -1.1737797260284424,
                            6.076807022094727,
                            -2.004823684692383,
                            -1.156950831413269,
                            -0.978982150554657
                        ]
                    },
                    "step_2": {
                        "step_count": 480000,
                        "lead_adversary_return": [
                            0.0,
                            50.0,
                            0.0,
                            5.0,
                            0.0,
                            65.0,
                            5.0,
                            0.0,
                            0.0,
                            0.0
                        ],
                        "adversary_return": [
                            0.0,
                            50.0,
                            0.0,
                            5.0,
                            0.0,
                            65.0,
                            5.0,
                            0.0,
                            0.0,
                            0.0
                        ],
                        "agent_return": [
                            40.264259338378906,
                            -12.1814546585083,
                            -3.393432378768921,
                            -6.1768059730529785,
                            -4.204436302185059,
                            -34.47978973388672,
                            -4.178408145904541,
                            -4.053184986114502,
                            -4.030762672424316,
                            -2.503063678741455
                        ],
                        "return": [
                            13.421420097351074,
                            29.27284812927246,
                            -1.1311441659927368,
                            1.2743980884552002,
                            -1.4014787673950195,
                            31.840070724487305,
                            1.9405306577682495,
                            -1.3510617017745972,
                            -1.3435876369476318,
                            -0.8343545794487
                        ]
                    },
                    "step_3": {
                        "step_count": 720000,
                        "lead_adversary_return": [
                            200.0,
                            35.0,
                            20.0,
                            5.0,
                            0.0,
                            10.0,
                            70.0,
                            5.0,
                            35.0,
                            20.0
                        ],
                        "adversary_return": [
                            200.0,
                            35.0,
                            20.0,
                            5.0,
                            0.0,
                            10.0,
                            70.0,
                            5.0,
                            35.0,
                            20.0
                        ],