{
    "vmas": {
        "simple_world_comm": {
            "iddpg": {
                "seed_4": {
                    "absolute_metrics": {
                        "lead_adversary_return": [
                            790.0
                        ],
                        "adversary_return": [
                            790.0
                        ],
                        "agent_return": [
                            -1.7144920825958252
                        ],
                        "return": [
                            393.8743591308594
                        ]
                    },
                    "step_0": {
                        "step_count": 120000,
                        "lead_adversary_return": [
                            15.0,
                            540.0,
                            240.0,
                            285.0,
                            0.0,
                            300.0,
                            0.0,
                            0.0,
                            500.0,
                            0.0
                        ],
                        "adversary_return": [
                            15.0,
                            540.0,
                            240.0,
                            285.0,
                            0.0,
                            300.0,
                            0.0,
                            0.0,
                            500.0,
                            0.0
                        ],
                        "agent_return": [
                            -10.846612930297852,
                            -274.40625,
                            -127.09463500976562,
                            -148.63967895507812,
                            -1.7144920825958252,
                            -154.0387725830078,
                            -5.158271789550781,
                            -7.954092979431152,
                            -256.08673095703125,
                            -7.210657119750977
                        ],
                        "return": [
                            6.384462356567383,
                            268.53125,
                            117.63512420654297,
                            140.4534454345703,
                            -0.57149738073349,
                            148.65374755859375,
                            -1.7194240093231201,
                            -2.651364326477051,
                            247.97109985351562,
                            -2.403552532196045
                        ]
                    },
                    "step_1": {
                        "step_count": 240000,
                        "lead_adversary_return": [
                            0.0,
                            0.0,
                            0.0,
                            0.0,
                            0.0,
                            0.0,
                            0.0,
                            0.0,
                            0.0,
                            420.0
                        ],
                        "adversary_return": [
                            0.0,
                            0.0,
                            0.0,
                            0.0,
                            0.0,
                            0.0,
                            0.0,
                            0.0,
                            0.0,
                            420.0
                        ],
                        "agent_return": [
                            -6.1243791580200195,
                            -4.52076530456543,
                            -6.151499271392822,
                            -5.768709659576416,
                            -2.753518581390381,
                            -7.624794960021973,
                            -9.183996200561523,
                            -3.935699462890625,
                            -6.73969841003418,
                            -213.64630126953125
                        ],
                        "return": [
                            -2.041459798812866,
                            -1.5069217681884766,
                            -2.05049991607666,
                            -1.922903299331665,
                            -0.917839527130127,
                            -2.541598320007324,
                            -3.0613322257995605,
                            -1.3118999004364014,
                            -2.2465662956237793,
                            208.78457641601562
                        ]
                    },
                    "step_2": {
                        "step_count": 480000,
                        "lead_adversary_return": [
                            0.0,
                            5.0,
                            0.0,
                            0.0,
                            0.0,
                            0.0,
                            5.0,
                            5.0,
                            0.0,
                            10.0
                        ],
                        "adversary_return": [
                            0.0,
                            5.0,
                            0.0,
                            0.0,
                            0.0,
                            0.0,
                            5.0,
                            5.0,
                            0.0,
                            10.0
                        ],
                        "agent_return": [
                            -6.166458606719971,
                            -5.721796035766602,
                            -5.246757984161377,
                            -2.812756299972534,
                            -6.594558238983154,
                            -3.830148696899414,
                            -7.414159774780273,
                            -8.435822486877441,
                            -7.629578590393066,
                            -9.94308090209961
                        ],
                        "return": [
                            -2.0554862022399902,
                            1.4260680675506592,
                            -1.7489193677902222,
                            -0.9375854730606079,
                            -2.198186159133911,
                            -1.2767162322998047,
                            0.8619467616081238,
                            0.5213925242424011,
                            -2.5431928634643555,
                            3.352306365966797
                        ]
                    },
                    "step_3": {
                        "step_count": 720000,
                        "lead_adversary_return": [
                            0.0,
                            5.0,
                            0.0,
                            0.0,
                            0.0,
                            10.0,
                            10.0,
                            0.0,
                            0.0,
                            670.0
                        ],
                        "adversary_return": [
                            0.0,
                            5.0,
                            0.0,
                            0.0,
                            0.0,
                            10.0,
                            10.0,
                            0.0,
                            0.0,
                            670.0
                        ],