{
    "vmas": {
        "simple_world_comm": {
            "ippo": {
                "seed_7": {
                    "absolute_metrics": {
                        "lead_adversary_return": [
                            755.0
                        ],
                        "adversary_return": [
                            755.0
                        ],
                        "agent_return": [
                            29.708459854125977
                        ],
                        "return": [
                            376.77288818359375
                        ]
                    },
                    "step_0": {
                        "step_count": 120000,
                        "lead_adversary_return": [
                            10.0,
                            0.0,
                            185.0,
                            0.0,
                            0.0,
                            165.0,
                            0.0,
                            130.0,
                            0.0,
                            435.0
                        ],
                        "adversary_return": [
                            10.0,
                            0.0,
                            185.0,
                            0.0,
                            0.0,
                            165.0,
                            0.0,
                            130.0,
                            0.0,
                            435.0
                        ],
                        "agent_return": [
                            -9.732789039611816,
                            -1.6984667778015137,
                            -96.37702941894531,
                            -3.317516803741455,
                            -1.8300702571868896,
                            -89.00970458984375,
                            -3.5968127250671387,
                            -57.26145935058594,
                            -7.167325496673584,
                            -220.90069580078125
                        ],
                        "return": [
                            3.4224038124084473,
                            -0.5661556124687195,
                            91.2076644897461,
                            -1.1058390140533447,
                            -0.6100234389305115,
                            80.3301010131836,
                            -1.1989376544952393,
                            67.57951354980469,
                            -2.389108657836914,
                            216.36643981933594
                        ]
                    },
                    "step_1": {
                        "step_count": 240000,
                        "lead_adversary_return": [
                            15.0,
                            0.0,
                            15.0,
                            0.0,
                            0.0,
                            30.0,
                            155.0,
                            0.0,
                            75.0,
                            0.0
                        ],
                        "adversary_return": [
                            15.0,
                            0.0,
                            15.0,
                            0.0,
                            0.0,
                            30.0,
                            155.0,
                            0.0,
                            75.0,
                            0.0
                        ],
                        "agent_return": [
                            9.607609748840332,
                            -2.656403064727783,
                            -10.410046577453613,
                            -1.9455621242523193,
                            -3.9122114181518555,
                            -19.016674041748047,
                            -80.9818115234375,
                            -2.158003807067871,
                            -29.74710464477539,
                            29.708459854125977
                        ],
                        "return": [
                            13.202536582946777,
                            -0.8854677081108093,
                            6.529984951019287,
                            -0.6485207080841064,
                            -1.3040704727172852,
                            13.66110897064209,
                            76.33940124511719,
                            -0.719334602355957,
                            40.08430099487305,
                            9.902820587158203
                        ]
                    },
                    "step_2": {
                        "step_count": 480000,
                        "lead_adversary_return": [
                            0.0,
                            15.0,
                            0.0,
                            0.0,
                            5.0,
                            15.0,
                            50.0,
                            0.0,
                            0.0,
                            10.0
                        ],
                        "adversary_return": [
                            0.0,
                            15.0,
                            0.0,
                            0.0,
                            5.0,
                            15.0,
                            50.0,
                            0.0,
                            0.0,
                            10.0
                        ],
                        "agent_return": [
                            -2.298365592956543,
                            -9.268461227416992,
                            -5.04573392868042,
                            -5.2590651512146,
                            -5.414464950561523,
                            -7.097004413604736,
                            -31.227434158325195,
                            -4.5929412841796875,
                            -2.1732735633850098,
                            -8.025249481201172
                        ],
                        "return": [
                            -0.7661218643188477,
                            6.910512924194336,
                            -1.6819113492965698,
                            -1.7530217170715332,
                            1.5285117626190186,
                            7.634332180023193,
                            22.924190521240234,
                            -1.5309804677963257,
                            -0.7244245409965515,
                            3.9915835857391357
                        ]
                    },
                    "step_3": {
                        "step_count": 720000,
                        "lead_adversary_return": [
                            0.0,
                            10.0,
                            0.0,
                            0.0,
                            25.0,
                            120.0,
                            20.0,
                            0.0,
                            0.0,
                            130.0
                        ],
                        "adversary_return": [
                            0.0,
                            10.0,
                            0.0,
                            0.0,
                            25.0,
                            120.0,
                            20.0,
                            0.0,
                            0.0,
                            130.0
                        ],