{
    "vmas": {
        "simple_world_comm": {
            "isac": {
                "seed_7": {
                    "absolute_metrics": {
                        "lead_adversary_return": [
                            155.0
                        ],
                        "adversary_return": [
                            155.0
                        ],
                        "agent_return": [
                            93.32279968261719
                        ],
                        "return": [
                            75.66658782958984
                        ]
                    },
                    "step_0": {
                        "step_count": 120000,
                        "lead_adversary_return": [
                            155.0,
                            0.0,
                            0.0,
                            0.0,
                            0.0,
                            0.0,
                            0.0,
                            0.0,
                            0.0,
                            0.0
                        ],
                        "adversary_return": [
                            155.0,
                            0.0,
                            0.0,
                            0.0,
                            0.0,
                            0.0,
                            0.0,
                            0.0,
                            0.0,
                            0.0
                        ],
                        "agent_return": [
                            -83.00025177001953,
                            51.16719436645508,
                            -2.706862449645996,
                            -1.6945571899414062,
                            -3.070908546447754,
                            -3.29280424118042,
                            -3.0127835273742676,
                            -3.308588743209839,
                            -2.8459830284118652,
                            -4.725412845611572
                        ],
                        "return": [
                            75.66658782958984,
                            17.05573272705078,
                            -0.902287483215332,
                            -0.5648524165153503,
                            -1.0236362218856812,
                            -1.0976014137268066,
                            -1.0042612552642822,
                            -1.1028629541397095,
                            -0.9486610293388367,
                            -1.5751376152038574
                        ]
                    },
                    "step_1": {
                        "step_count": 240000,
                        "lead_adversary_return": [
                            0.0,
                            0.0,
                            0.0,
                            0.0,
                            15.0,
                            0.0,
                            0.0,
                            45.0,
                            0.0,
                            0.0
                        ],
                        "adversary_return": [
                            0.0,
                            0.0,
                            0.0,
                            0.0,
                            15.0,
                            0.0,
                            0.0,
                            45.0,
                            0.0,
                            0.0
                        ],
                        "agent_return": [
                            -2.161015510559082,
                            -3.583730459213257,
                            -4.513643264770508,
                            -4.089795112609863,
                            -10.672698020935059,
                            18.740734100341797,
                            -2.632129430770874,
                            -27.835386276245117,
                            -3.808939218521118,
                            -4.551657199859619
                        ],
                        "return": [
                            -0.7203385233879089,
                            -1.1945768594741821,
                            -1.5045478343963623,
                            -1.363265037536621,
                            6.442433834075928,
                            6.246911525726318,
                            -0.8773764967918396,
                            20.721538543701172,
                            -1.269646406173706,
                            -1.517219066619873
                        ]
                    },
                    "step_2": {
                        "step_count": 480000,
                        "lead_adversary_return": [
                            0.0,
                            0.0,
                            0.0,
                            0.0,
                            0.0,
                            0.0,
                            0.0,
                            20.0,
                            0.0,
                            0.0
                        ],
                        "adversary_return": [
                            0.0,
                            0.0,
                            0.0,
                            0.0,
                            0.0,
                            0.0,
                            0.0,
                            20.0,
                            0.0,
                            0.0
                        ],
                        "agent_return": [
                            -2.9663047790527344,
                            -3.059708595275879,
                            -3.826808452606201,
                            -5.605684280395508,
                            -1.788373351097107,
                            34.38513946533203,
                            -6.867172718048096,
                            -14.095651626586914,
                            -4.5020527839660645,
                            -3.995347499847412
                        ],
                        "return": [
                            -0.9887682795524597,
                            -1.0199029445648193,
                            -1.2756028175354004,
                            -1.8685615062713623,
                            -0.5961244702339172,
                            11.461713790893555,
                            -2.289057731628418,
                            8.634782791137695,
                            -1.5006842613220215,
                            -1.331782579421997
                        ]
                    },
                    "step_3": {
                        "step_count": 720000,
                        "lead_adversary_return": [
                            0.0,
                            0.0,
                            15.0,
                            0.0,
                            85.0,
                            0.0,
                            0.0,
                            145.0,
                            0.0,
                            0.0
                        ],
                        "adversary_return": [
                            0.0,
                            0.0,
                            15.0,
                            0.0,
                            85.0,
                            0.0,
                            0.0,
                            145.0,
                            0.0,
                            0.0
                        ],