{
    "vmas": {
        "simple_world_comm": {
            "ippoextragradient": {
                "seed_8": {
                    "absolute_metrics": {
                        "lead_adversary_return": [
                            610.0
                        ],
                        "adversary_return": [
                            610.0
                        ],
                        "agent_return": [
                            6.390169620513916
                        ],
                        "return": [
                            303.66558837890625
                        ]
                    },
                    "step_0": {
                        "step_count": 120000,
                        "lead_adversary_return": [
                            0.0,
                            0.0,
                            0.0,
                            25.0,
                            0.0,
                            0.0,
                            0.0,
                            10.0,
                            0.0,
                            0.0
                        ],
                        "adversary_return": [
                            0.0,
                            0.0,
                            0.0,
                            25.0,
                            0.0,
                            0.0,
                            0.0,
                            10.0,
                            0.0,
                            0.0
                        ],
                        "agent_return": [
                            -3.9497976303100586,
                            -3.0142879486083984,
                            -3.3117306232452393,
                            -14.822529792785645,
                            -4.360375881195068,
                            -5.739778995513916,
                            -2.284848690032959,
                            -8.331912994384766,
                            -3.1525096893310547,
                            -2.785430669784546
                        ],
                        "return": [
                            -1.3165992498397827,
                            -1.0047626495361328,
                            -1.103910207748413,
                            11.725824356079102,
                            -1.4534586668014526,
                            -1.913259744644165,
                            -0.7616162300109863,
                            3.889362335205078,
                            -1.0508365631103516,
                            -0.9284769296646118
                        ]
                    },
                    "step_1": {
                        "step_count": 240000,
                        "lead_adversary_return": [
                            125.0,
                            10.0,
                            260.0,
                            40.0,
                            20.0,
                            0.0,
                            145.0,
                            0.0,
                            0.0,
                            45.0
                        ],
                        "adversary_return": [
                            125.0,
                            10.0,
                            260.0,
                            40.0,
                            20.0,
                            0.0,
                            145.0,
                            0.0,
                            0.0,
                            45.0
                        ],
                        "agent_return": [
                            -64.03253936767578,
                            -10.343661308288574,
                            -132.7766571044922,
                            -22.53495216369629,
                            -11.9819917678833,
                            -3.802280902862549,
                            -75.98883819580078,
                            -4.318237781524658,
                            -4.283843040466309,
                            -26.382287979125977
                        ],
                        "return": [
                            61.989158630371094,
                            3.2187795639038086,
                            129.07444763183594,
                            19.155017852783203,
                            9.339336395263672,
                            -1.2674269676208496,
                            71.3370590209961,
                            -1.4394125938415527,
                            -1.427947759628296,
                            21.20590591430664
                        ]
                    },
                    "step_2": {
                        "step_count": 480000,
                        "lead_adversary_return": [
                            5.0,
                            0.0,
                            10.0,
                            0.0,
                            0.0,
                            0.0,
                            50.0,
                            0.0,
                            85.0,
                            0.0
                        ],
                        "adversary_return": [
                            5.0,
                            0.0,
                            10.0,
                            0.0,
                            0.0,
                            0.0,
                            50.0,
                            0.0,
                            85.0,
                            0.0
                        ],
                        "agent_return": [
                            -5.533182144165039,
                            -3.365724563598633,
                            -8.834535598754883,
                            -3.638935089111328,
                            -5.734497547149658,
                            -2.352869987487793,
                            -20.501548767089844,
                            -3.057426929473877,
                            -14.521239280700684,
                            -3.89817476272583
                        ],
                        "return": [
                            1.4889392852783203,
                            -1.121908187866211,
                            3.7218215465545654,
                            -1.2129783630371094,
                            -1.911499261856079,
                            -0.7842900156974792,
                            26.49948501586914,
                            -1.0191423892974854,
                            51.826255798339844,
                            -1.2993916273117065
                        ]
                    },
                    "step_3": {
                        "step_count": 720000,
                        "lead_adversary_return": [
                            35.0,
                            80.0,
                            20.0,
                            0.0,
                            0.0,
                            385.0,
                            50.0,
                            0.0,
                            0.0,
                            0.0
                        ],
                        "adversary_return": [
                            35.0,
                            80.0,
                            20.0,
                            0.0,
                            0.0,
                            385.0,
                            50.0,
                            0.0,
                            0.0,
                            0.0
                        ],