{
    "vmas": {
        "simple_world_comm": {
            "ippovi": {
                "seed_1": {
                    "absolute_metrics": {
                        "lead_adversary_return": [
                            1750.0
                        ],
                        "adversary_return": [
                            1750.0
                        ],
                        "agent_return": [
                            13.093820571899414
                        ],
                        "return": [
                            1091.9661865234375
                        ]
                    },
                    "step_0": {
                        "step_count": 80000,
                        "lead_adversary_return": [
                            10.0,
                            5.0,
                            325.0,
                            50.0,
                            30.0,
                            0.0,
                            20.0,
                            40.0,
                            375.0,
                            0.0
                        ],
                        "adversary_return": [
                            10.0,
                            5.0,
                            325.0,
                            50.0,
                            30.0,
                            0.0,
                            20.0,
                            40.0,
                            375.0,
                            0.0
                        ],
                        "agent_return": [
                            -1.105282187461853,
                            -3.431849479675293,
                            -43.565940856933594,
                            -7.489768981933594,
                            -1.9351847171783447,
                            -2.071700096130371,
                            -3.183105945587158,
                            -9.122961044311523,
                            -47.5748291015625,
                            9.027353286743164
                        ],
                        "return": [
                            6.298239707946777,
                            2.1893835067749023,
                            202.1446990966797,
                            30.83674430847168,
                            19.354938507080078,
                            -0.6905667185783386,
                            12.272298812866211,
                            23.62567901611328,
                            234.1417236328125,
                            3.009117841720581
                        ]
                    },
                    "step_1": {
                        "step_count": 240000,
                        "lead_adversary_return": [
                            65.0,
                            30.0,
                            20.0,
                            130.0,
                            60.0,
                            65.0,
                            25.0,
                            65.0,
                            20.0,
                            145.0
                        ],
                        "adversary_return": [
                            65.0,
                            30.0,
                            20.0,
                            130.0,
                            60.0,
                            65.0,
                            25.0,
                            65.0,
                            20.0,
                            145.0
                        ],
                        "agent_return": [
                            -1.622426986694336,
                            -5.739016532897949,
                            1.7417359352111816,
                            -18.523256301879883,
                            -9.946035385131836,
                            -8.470812797546387,
                            0.9974150657653809,
                            -7.743578910827637,
                            7.227499008178711,
                            -17.71358871459961
                        ],
                        "return": [
                            42.79252624511719,
                            18.086994171142578,
                            13.913912773132324,
                            80.49224853515625,
                            36.684654235839844,
                            40.50973129272461,
                            16.99913787841797,
                            40.75214385986328,
                            15.742500305175781,
                            90.76213836669922
                        ]
                    },
                    "step_2": {
                        "step_count": 480000,
                        "lead_adversary_return": [
                            10.0,
                            20.0,
                            55.0,
                            5.0,
                            40.0,
                            10.0,
                            10.0,
                            35.0,
                            20.0,
                            45.0
                        ],
                        "adversary_return": [
                            10.0,
                            20.0,
                            55.0,
                            5.0,
                            40.0,
                            10.0,
                            10.0,
                            35.0,
                            20.0,
                            45.0
                        ],
                        "agent_return": [
                            -3.1251516342163086,
                            -1.3301348686218262,
                            -10.173295974731445,
                            2.043740749359131,
                            -9.006210327148438,
                            -4.392444610595703,
                            -3.1421120166778564,
                            -5.796540260314941,
                            -6.045149326324463,
                            -4.252415657043457
                        ],
                        "return": [
                            5.6249494552612305,
                            12.889955520629883,
                            33.275569915771484,
                            4.014580726623535,
                            23.664596557617188,
                            5.202518463134766,
                            5.619296073913574,
                            21.401153564453125,
                            11.318283081054688,
                            28.58252716064453
                        ]
                    },
                    "step_3": {
                        "step_count": 720000,
                        "lead_adversary_return": [
                            75.0,
                            190.0,
                            35.0,
                            230.0,
                            35.0,
                            240.0,
                            270.0,
                            310.0,
                            110.0,
                            265.0
                        ],
                        "adversary_return": [
                            75.0,
                            190.0,
                            35.0,
                            230.0,
                            35.0,
                            240.0,
                            270.0,
                            310.0,
                            110.0,
                            265.0
                        ],