{
    "vmas": {
        "simple_world_comm": {
            "ippovi": {
                "seed_2": {
                    "absolute_metrics": {
                        "lead_adversary_return": [
                            1710.0
                        ],
                        "adversary_return": [
                            1710.0
                        ],
                        "agent_return": [
                            2.7298896312713623
                        ],
                        "return": [
                            1067.3228759765625
                        ]
                    },
                    "step_0": {
                        "step_count": 80000,
                        "lead_adversary_return": [
                            70.0,
                            60.0,
                            20.0,
                            135.0,
                            20.0,
                            115.0,
                            120.0,
                            10.0,
                            45.0,
                            335.0
                        ],
                        "adversary_return": [
                            70.0,
                            60.0,
                            20.0,
                            135.0,
                            20.0,
                            115.0,
                            120.0,
                            10.0,
                            45.0,
                            335.0
                        ],
                        "agent_return": [
                            -1.3165881633758545,
                            -7.789262771606445,
                            -6.050006866455078,
                            -14.201972007751465,
                            -4.588831901550293,
                            -14.103261947631836,
                            -16.642833709716797,
                            0.9151310920715332,
                            -9.758527755737305,
                            -41.48944091796875
                        ],
                        "return": [
                            46.227806091308594,
                            37.40357971191406,
                            11.316664695739746,
                            85.2660140991211,
                            11.803722381591797,
                            71.96558380126953,
                            74.452392578125,
                            6.971710205078125,
                            26.74715805053711,
                            209.50352478027344
                        ]
                    },
                    "step_1": {
                        "step_count": 240000,
                        "lead_adversary_return": [
                            35.0,
                            20.0,
                            80.0,
                            60.0,
                            20.0,
                            305.0,
                            30.0,
                            25.0,
                            40.0,
                            0.0
                        ],
                        "adversary_return": [
                            35.0,
                            20.0,
                            80.0,
                            60.0,
                            20.0,
                            305.0,
                            30.0,
                            25.0,
                            40.0,
                            0.0
                        ],
                        "agent_return": [
                            -7.757325172424316,
                            -6.776660919189453,
                            -10.915349006652832,
                            -12.178024291992188,
                            -1.5485544204711914,
                            -42.207435607910156,
                            -5.722777366638184,
                            -5.322447299957275,
                            1.32863187789917,
                            0.5811482667922974
                        ],
                        "return": [
                            20.74755859375,
                            11.074446678161621,
                            49.69488525390625,
                            35.94065856933594,
                            12.81714916229248,
                            189.26419067382812,
                            18.0924072265625,
                            14.89251708984375,
                            27.109542846679688,
                            0.19371609389781952
                        ]
                    },
                    "step_2": {
                        "step_count": 480000,
                        "lead_adversary_return": [
                            310.0,
                            10.0,
                            0.0,
                            350.0,
                            25.0,
                            0.0,
                            70.0,
                            105.0,
                            10.0,
                            0.0
                        ],
                        "adversary_return": [
                            310.0,
                            10.0,
                            0.0,
                            350.0,
                            25.0,
                            0.0,
                            70.0,
                            105.0,
                            10.0,
                            0.0
                        ],
                        "agent_return": [
                            -33.968780517578125,
                            -4.174629211425781,
                            0.03220105171203613,
                            -39.41387176513672,
                            -10.084968566894531,
                            -4.674768924713135,
                            -12.929047584533691,
                            -13.237785339355469,
                            -0.17220056056976318,
                            -0.6378880739212036
                        ],
                        "return": [
                            195.34375,
                            5.275123596191406,
                            0.01073368452489376,
                            220.19537353515625,
                            13.305010795593262,
                            -1.5582563877105713,
                            42.35698699951172,
                            65.58740234375,
                            6.60926628112793,
                            -0.21262936294078827
                        ]
                    },
                    "step_3": {
                        "step_count": 720000,
                        "lead_adversary_return": [
                            10.0,
                            150.0,
                            25.0,
                            65.0,
                            465.0,
                            445.0,
                            65.0,
                            240.0,
                            30.0,
                            10.0
                        ],
                        "adversary_return": [
                            10.0,
                            150.0,
                            25.0,
                            65.0,
                            465.0,
                            445.0,
                            65.0,
                            240.0,
                            30.0,
                            10.0
                        ],