{
    "vmas": {
        "simple_world_comm": {
            "ippovinoanchor": {
                "seed_4": {
                    "absolute_metrics": {
                        "lead_adversary_return": [
                            690.0
                        ],
                        "adversary_return": [
                            690.0
                        ],
                        "agent_return": [
                            11.464712142944336
                        ],
                        "return": [
                            342.2850036621094
                        ]
                    },
                    "step_0": {
                        "step_count": 120000,
                        "lead_adversary_return": [
                            0.0,
                            45.0,
                            0.0,
                            0.0,
                            0.0,
                            0.0,
                            0.0,
                            10.0,
                            0.0,
                            195.0
                        ],
                        "adversary_return": [
                            0.0,
                            45.0,
                            0.0,
                            0.0,
                            0.0,
                            0.0,
                            0.0,
                            10.0,
                            0.0,
                            195.0
                        ],
                        "agent_return": [
                            -0.6195700168609619,
                            -29.142536163330078,
                            -3.5824875831604004,
                            -4.693426609039307,
                            -4.178248405456543,
                            -0.5822004079818726,
                            -3.1831886768341064,
                            -8.249289512634277,
                            -5.059270858764648,
                            -100.4961166381836
                        ],
                        "return": [
                            -0.2065233439207077,
                            20.28582191467285,
                            -1.1941626071929932,
                            -1.5644755363464355,
                            -1.392749547958374,
                            -0.19406680762767792,
                            -1.0610629320144653,
                            3.916903495788574,
                            -1.686423659324646,
                            96.50129699707031
                        ]
                    },
                    "step_1": {
                        "step_count": 240000,
                        "lead_adversary_return": [
                            0.0,
                            0.0,
                            0.0,
                            10.0,
                            10.0,
                            0.0,
                            0.0,
                            355.0,
                            0.0,
                            0.0
                        ],
                        "adversary_return": [
                            0.0,
                            0.0,
                            0.0,
                            10.0,
                            10.0,
                            0.0,
                            0.0,
                            355.0,
                            0.0,
                            0.0
                        ],
                        "agent_return": [
                            -4.443721771240234,
                            -2.9579005241394043,
                            -8.901036262512207,
                            -8.913856506347656,
                            -10.24488639831543,
                            -4.116493225097656,
                            -5.8111982345581055,
                            -185.00003051757812,
                            -8.204317092895508,
                            11.464712142944336
                        ],
                        "return": [
                            -1.4812406301498413,
                            -0.9859668612480164,
                            -2.9670121669769287,
                            3.6953811645507812,
                            3.251704692840576,
                            -1.3721644878387451,
                            -1.9370660781860352,
                            175.0,
                            -2.7347724437713623,
                            3.821570873260498
                        ]
                    },
                    "step_2": {
                        "step_count": 480000,
                        "lead_adversary_return": [
                            0.0,
                            10.0,
                            140.0,
                            10.0,
                            0.0,
                            190.0,
                            20.0,
                            20.0,
                            0.0,
                            5.0
                        ],
                        "adversary_return": [
                            0.0,
                            10.0,
                            140.0,
                            10.0,
                            0.0,
                            190.0,
                            20.0,
                            20.0,
                            0.0,
                            5.0
                        ],
                        "agent_return": [
                            -4.623129367828369,
                            -9.103642463684082,
                            -74.44146728515625,
                            -2.823500871658325,
                            -4.583315849304199,
                            -99.04288482666016,
                            -16.81450653076172,
                            -15.264959335327148,
                            -4.506722927093506,
                            -3.22052001953125
                        ],
                        "return": [
                            -1.5410431623458862,
                            3.6321191787719727,
                            68.51951599121094,
                            5.725499629974365,
                            -1.5277719497680664,
                            93.65237426757812,
                            7.7284979820251465,
                            8.245014190673828,
                            -1.5022410154342651,
                            2.25982666015625
                        ]
                    },
                    "step_3": {
                        "step_count": 720000,
                        "lead_adversary_return": [
                            0.0,
                            160.0,
                            0.0,
                            10.0,
                            10.0,
                            30.0,
                            5.0,
                            10.0,
                            435.0,
                            10.0
                        ],
                        "adversary_return": [
                            0.0,
                            160.0,
                            0.0,
                            10.0,
                            10.0,
                            30.0,
                            5.0,
                            10.0,
                            435.0,
                            10.0
                        ],