{
    "vmas": {
        "simple_world_comm": {
            "ippovinoanchor": {
                "seed_8": {
                    "absolute_metrics": {
                        "lead_adversary_return": [
                            240.0
                        ],
                        "adversary_return": [
                            240.0
                        ],
                        "agent_return": [
                            30.385826110839844
                        ],
                        "return": [
                            118.19404602050781
                        ]
                    },
                    "step_0": {
                        "step_count": 120000,
                        "lead_adversary_return": [
                            50.0,
                            20.0,
                            0.0,
                            10.0,
                            0.0,
                            50.0,
                            0.0,
                            240.0,
                            0.0,
                            0.0
                        ],
                        "adversary_return": [
                            50.0,
                            20.0,
                            0.0,
                            10.0,
                            0.0,
                            50.0,
                            0.0,
                            240.0,
                            0.0,
                            0.0
                        ],
                        "agent_return": [
                            -29.601421356201172,
                            -13.109657287597656,
                            -3.5591623783111572,
                            -7.847853183746338,
                            -3.598996162414551,
                            -21.844926834106445,
                            -3.263917922973633,
                            -125.41787719726562,
                            -2.7637276649475098,
                            -3.783332347869873
                        ],
                        "return": [
                            23.4661922454834,
                            8.963447570800781,
                            -1.186387538909912,
                            4.050715923309326,
                            -1.1996654272079468,
                            26.051692962646484,
                            -1.087972640991211,
                            118.19404602050781,
                            -0.9212425947189331,
                            -1.261110782623291
                        ]
                    },
                    "step_1": {
                        "step_count": 240000,
                        "lead_adversary_return": [
                            0.0,
                            0.0,
                            0.0,
                            0.0,
                            10.0,
                            155.0,
                            0.0,
                            0.0,
                            0.0,
                            120.0
                        ],
                        "adversary_return": [
                            0.0,
                            0.0,
                            0.0,
                            0.0,
                            10.0,
                            155.0,
                            0.0,
                            0.0,
                            0.0,
                            120.0
                        ],
                        "agent_return": [
                            -4.183863639831543,
                            -2.2513649463653564,
                            -2.3551812171936035,
                            -5.135860443115234,
                            -9.197021484375,
                            -82.29061889648438,
                            30.385826110839844,
                            -3.1339452266693115,
                            -2.1884450912475586,
                            -62.76519012451172
                        ],
                        "return": [
                            -1.3946212530136108,
                            -0.7504550218582153,
                            -0.7850604057312012,
                            -1.7119535207748413,
                            3.6009929180145264,
                            75.90312957763672,
                            10.128608703613281,
                            -1.0446484088897705,
                            -0.7294816970825195,
                            59.078269958496094
                        ]
                    },
                    "step_2": {
                        "step_count": 480000,
                        "lead_adversary_return": [
                            0.0,
                            0.0,
                            5.0,
                            0.0,
                            0.0,
                            5.0,
                            0.0,
                            125.0,
                            20.0,
                            25.0
                        ],
                        "adversary_return": [
                            0.0,
                            0.0,
                            5.0,
                            0.0,
                            0.0,
                            5.0,
                            0.0,
                            125.0,
                            20.0,
                            25.0
                        ],
                        "agent_return": [
                            -2.514312267303467,
                            -2.0728979110717773,
                            -3.886671304702759,
                            -2.006032705307007,
                            -2.410456657409668,
                            -4.809041976928711,
                            -3.506049871444702,
                            -48.17991256713867,
                            -13.041025161743164,
                            -13.37183666229248
                        ],
                        "return": [
                            -0.8381041288375854,
                            -0.690966010093689,
                            2.037776470184326,
                            -0.668677568435669,
                            -0.8034855723381042,
                            1.7303193807601929,
                            -1.1686832904815674,
                            67.27336120605469,
                            8.98632526397705,
                            12.20938777923584
                        ]
                    },
                    "step_3": {
                        "step_count": 720000,
                        "lead_adversary_return": [
                            0.0,
                            0.0,
                            0.0,
                            0.0,
                            10.0,
                            10.0,
                            0.0,
                            10.0,
                            0.0,
                            10.0
                        ],
                        "adversary_return": [
                            0.0,
                            0.0,
                            0.0,
                            0.0,
                            10.0,
                            10.0,
                            0.0,
                            10.0,
                            0.0,
                            10.0
                        ],