{
    "vmas": {
        "simple_world_comm": {
            "ippo": {
                "seed_0": {
                    "absolute_metrics": {
                        "lead_adversary_return": [
                            1265.0
                        ],
                        "adversary_return": [
                            1265.0
                        ],
                        "agent_return": [
                            2.4542436599731445
                        ],
                        "return": [
                            789.3822021484375
                        ]
                    },
                    "step_0": {
                        "step_count": 80000,
                        "lead_adversary_return": [
                            40.0,
                            60.0,
                            95.0,
                            265.0,
                            370.0,
                            0.0,
                            255.0,
                            275.0,
                            0.0,
                            0.0
                        ],
                        "adversary_return": [
                            40.0,
                            60.0,
                            95.0,
                            265.0,
                            370.0,
                            0.0,
                            255.0,
                            275.0,
                            0.0,
                            0.0
                        ],
                        "agent_return": [
                            -4.074248790740967,
                            -8.90789794921875,
                            -15.221614837646484,
                            -33.53656768798828,
                            -47.46013641357422,
                            2.3793842792510986,
                            -34.555301666259766,
                            -36.810020446777344,
                            0.949899435043335,
                            -3.2426233291625977
                        ],
                        "return": [
                            25.308584213256836,
                            37.03070068359375,
                            58.25946044921875,
                            165.48782348632812,
                            230.84661865234375,
                            0.7931281328201294,
                            158.4815673828125,
                            171.06333923339844,
                            0.3166331648826599,
                            -1.0808744430541992
                        ]
                    },
                    "step_1": {
                        "step_count": 240000,
                        "lead_adversary_return": [
                            510.0,
                            35.0,
                            0.0,
                            55.0,
                            460.0,
                            65.0,
                            35.0,
                            120.0,
                            365.0,
                            40.0
                        ],
                        "adversary_return": [
                            510.0,
                            35.0,
                            0.0,
                            55.0,
                            460.0,
                            65.0,
                            35.0,
                            120.0,
                            365.0,
                            40.0
                        ],
                        "agent_return": [
                            -64.10731506347656,
                            -4.625021934509277,
                            -0.6290547847747803,
                            -10.737357139587402,
                            -60.62797927856445,
                            -10.961272239685059,
                            -7.72721529006958,
                            -9.938300132751465,
                            -48.27355194091797,
                            -4.89234733581543
                        ],
                        "return": [
                            318.63092041015625,
                            21.79166030883789,
                            -0.20968493819236755,
                            33.087547302246094,
                            286.45733642578125,
                            39.6795768737793,
                            20.75759506225586,
                            76.68724060058594,
                            227.24215698242188,
                            25.035884857177734
                        ]
                    },
                    "step_2": {
                        "step_count": 480000,
                        "lead_adversary_return": [
                            65.0,
                            145.0,
                            45.0,
                            5.0,
                            65.0,
                            30.0,
                            255.0,
                            405.0,
                            540.0,
                            210.0
                        ],
                        "adversary_return": [
                            65.0,
                            145.0,
                            45.0,
                            5.0,
                            65.0,
                            30.0,
                            255.0,
                            405.0,
                            540.0,
                            210.0
                        ],
                        "agent_return": [
                            -0.4918670654296875,
                            -18.236438751220703,
                            -8.304851531982422,
                            -3.5109000205993652,
                            -8.073254585266113,
                            -6.031371116638184,
                            -33.7310905456543,
                            -45.690650939941406,
                            -68.04664611816406,
                            -28.263538360595703
                        ],
                        "return": [
                            43.16938018798828,
                            90.58785247802734,
                            27.23171615600586,
                            2.1630334854125977,
                            40.642250061035156,
                            17.989543914794922,
                            158.75631713867188,
                            254.769775390625,
                            337.31781005859375,
                            130.57882690429688
                        ]
                    },
                    "step_3": {
                        "step_count": 720000,
                        "lead_adversary_return": [
                            5.0,
                            265.0,
                            335.0,
                            40.0,
                            15.0,
                            665.0,
                            95.0,
                            30.0,
                            180.0,
                            45.0
                        ],
                        "adversary_return": [
                            5.0,
                            265.0,
                            335.0,
                            40.0,
                            15.0,
                            665.0,
                            95.0,
                            30.0,
                            180.0,
                            45.0
                        ],