{
    "vmas": {
        "simple_world_comm": {
            "ippovi": {
                "seed_0": {
                    "absolute_metrics": {
                        "lead_adversary_return": [
                            955.0
                        ],
                        "adversary_return": [
                            955.0
                        ],
                        "agent_return": [
                            13.705557823181152
                        ],
                        "return": [
                            594.9032592773438
                        ]
                    },
                    "step_0": {
                        "step_count": 80000,
                        "lead_adversary_return": [
                            195.0,
                            0.0,
                            0.0,
                            330.0,
                            50.0,
                            0.0,
                            575.0,
                            230.0,
                            145.0,
                            0.0
                        ],
                        "adversary_return": [
                            195.0,
                            0.0,
                            0.0,
                            330.0,
                            50.0,
                            0.0,
                            575.0,
                            230.0,
                            145.0,
                            0.0
                        ],
                        "agent_return": [
                            -27.955671310424805,
                            -3.629326820373535,
                            -4.807543754577637,
                            -44.26911926269531,
                            -9.115287780761719,
                            -4.49058723449707,
                            -72.23673248291016,
                            -32.553585052490234,
                            -17.731517791748047,
                            -3.0726938247680664
                        ],
                        "return": [
                            120.68144989013672,
                            -1.209775686264038,
                            -1.602514624595642,
                            205.24363708496094,
                            30.294904708862305,
                            -1.4968624114990234,
                            359.25445556640625,
                            142.48214721679688,
                            90.75616455078125,
                            -1.0242313146591187
                        ]
                    },
                    "step_1": {
                        "step_count": 240000,
                        "lead_adversary_return": [
                            30.0,
                            5.0,
                            30.0,
                            20.0,
                            40.0,
                            60.0,
                            10.0,
                            10.0,
                            20.0,
                            15.0
                        ],
                        "adversary_return": [
                            30.0,
                            5.0,
                            30.0,
                            20.0,
                            40.0,
                            60.0,
                            10.0,
                            10.0,
                            20.0,
                            15.0
                        ],
                        "agent_return": [
                            -7.992561340332031,
                            -2.2280685901641846,
                            -7.51361083984375,
                            -9.026998519897461,
                            -8.355813026428223,
                            -13.470617294311523,
                            -4.465103626251221,
                            -4.398808479309082,
                            -7.222785949707031,
                            -1.8673080205917358
                        ],
                        "return": [
                            17.335813522338867,
                            2.590643882751465,
                            17.495464324951172,
                            10.324334144592285,
                            23.881397247314453,
                            35.509796142578125,
                            5.1782989501953125,
                            5.200397491455078,
                            10.925738334655762,
                            9.377564430236816
                        ]
                    },
                    "step_2": {
                        "step_count": 480000,
                        "lead_adversary_return": [
                            480.0,
                            40.0,
                            55.0,
                            740.0,
                            225.0,
                            130.0,
                            10.0,
                            0.0,
                            15.0,
                            45.0
                        ],
                        "adversary_return": [
                            480.0,
                            40.0,
                            55.0,
                            740.0,
                            225.0,
                            130.0,
                            10.0,
                            0.0,
                            15.0,
                            45.0
                        ],
                        "agent_return": [
                            -61.9926872253418,
                            -3.8015787601470947,
                            -14.811502456665039,
                            -95.5050277709961,
                            -32.552894592285156,
                            -20.136388778686523,
                            -4.278354644775391,
                            -5.618663311004639,
                            -0.14503920078277588,
                            -8.000810623168945
                        ],
                        "return": [
                            299.3357849121094,
                            25.399473190307617,
                            31.72949981689453,
                            461.49835205078125,
                            139.1490478515625,
                            79.95454406738281,
                            5.240548610687256,
                            -1.8728878498077393,
                            9.951654434204102,
                            27.333065032958984
                        ]
                    },
                    "step_3": {
                        "step_count": 720000,
                        "lead_adversary_return": [
                            955.0,
                            735.0,
                            200.0,
                            170.0,
                            100.0,
                            675.0,
                            15.0,
                            630.0,
                            730.0,
                            790.0
                        ],
                        "adversary_return": [
                            955.0,
                            735.0,
                            200.0,
                            170.0,
                            100.0,
                            675.0,
                            15.0,
                            630.0,
                            730.0,
                            790.0
                        ],