{
    "vmas": {
        "simple_world_comm": {
            "ippovinonorm": {
                "seed_8": {
                    "absolute_metrics": {
                        "lead_adversary_return": [
                            170.0
                        ],
                        "adversary_return": [
                            170.0
                        ],
                        "agent_return": [
                            31.60390853881836
                        ],
                        "return": [
                            84.15022277832031
                        ]
                    },
                    "step_0": {
                        "step_count": 120000,
                        "lead_adversary_return": [
                            135.0,
                            10.0,
                            0.0,
                            0.0,
                            0.0,
                            15.0,
                            0.0,
                            0.0,
                            0.0,
                            0.0
                        ],
                        "adversary_return": [
                            135.0,
                            10.0,
                            0.0,
                            0.0,
                            0.0,
                            15.0,
                            0.0,
                            0.0,
                            0.0,
                            0.0
                        ],
                        "agent_return": [
                            -72.27326965332031,
                            -8.153707504272461,
                            -3.545485258102417,
                            -3.170107841491699,
                            -3.7360241413116455,
                            -9.429001808166504,
                            -3.410078525543213,
                            -5.693920135498047,
                            -3.107994318008423,
                            -3.9764065742492676
                        ],
                        "return": [
                            65.9089126586914,
                            3.9487643241882324,
                            -1.181828498840332,
                            -1.0567026138305664,
                            -1.245341420173645,
                            6.85699987411499,
                            -1.1366928815841675,
                            -1.8979734182357788,
                            -1.0359981060028076,
                            -1.325468897819519
                        ]
                    },
                    "step_1": {
                        "step_count": 240000,
                        "lead_adversary_return": [
                            0.0,
                            0.0,
                            0.0,
                            0.0,
                            0.0,
                            5.0,
                            0.0,
                            0.0,
                            0.0,
                            0.0
                        ],
                        "adversary_return": [
                            0.0,
                            0.0,
                            0.0,
                            0.0,
                            0.0,
                            5.0,
                            0.0,
                            0.0,
                            0.0,
                            0.0
                        ],
                        "agent_return": [
                            -4.277204513549805,
                            -2.8121800422668457,
                            -2.773606777191162,
                            -5.527361869812012,
                            -4.498889446258545,
                            -7.5819172859191895,
                            -2.02459716796875,
                            -3.446845054626465,
                            -2.3633103370666504,
                            -2.9634299278259277
                        ],
                        "return": [
                            -1.4257348775863647,
                            -0.9373933672904968,
                            -0.9245356321334839,
                            -1.842453956604004,
                            -1.4996298551559448,
                            0.8060275912284851,
                            -0.67486572265625,
                            -1.1489484310150146,
                            -0.78777015209198,
                            -0.9878100156784058
                        ]
                    },
                    "step_2": {
                        "step_count": 480000,
                        "lead_adversary_return": [
                            0.0,
                            0.0,
                            0.0,
                            10.0,
                            10.0,
                            170.0,
                            0.0,
                            0.0,
                            10.0,
                            10.0
                        ],
                        "adversary_return": [
                            0.0,
                            0.0,
                            0.0,
                            10.0,
                            10.0,
                            170.0,
                            0.0,
                            0.0,
                            10.0,
                            10.0
                        ],
                        "agent_return": [
                            31.60390853881836,
                            -2.5233283042907715,
                            22.204105377197266,
                            -8.369768142700195,
                            -8.058669090270996,
                            -87.54933166503906,
                            -4.787263870239258,
                            -1.9065194129943848,
                            -8.035396575927734,
                            -9.127138137817383
                        ],
                        "return": [
                            10.534636497497559,
                            -0.8411094546318054,
                            7.401368618011475,
                            3.876744031906128,
                            3.9804437160491943,
                            84.15022277832031,
                            -1.595754623413086,
                            -0.6355065107345581,
                            3.988201141357422,
                            3.6242873668670654
                        ]
                    },
                    "step_3": {
                        "step_count": 720000,
                        "lead_adversary_return": [
                            0.0,
                            0.0,
                            0.0,
                            10.0,
                            0.0,
                            105.0,
                            0.0,
                            0.0,
                            10.0,
                            10.0
                        ],
                        "adversary_return": [
                            0.0,
                            0.0,
                            0.0,
                            10.0,
                            0.0,
                            105.0,
                            0.0,
                            0.0,
                            10.0,
                            10.0
                        ],