{
    "vmas": {
        "simple_world_comm": {
            "ippo": {
                "seed_4": {
                    "absolute_metrics": {
                        "lead_adversary_return": [
                            995.0
                        ],
                        "adversary_return": [
                            995.0
                        ],
                        "agent_return": [
                            2.9889516830444336
                        ],
                        "return": [
                            625.0740966796875
                        ]
                    },
                    "step_0": {
                        "step_count": 80000,
                        "lead_adversary_return": [
                            390.0,
                            80.0,
                            25.0,
                            0.0,
                            0.0,
                            200.0,
                            140.0,
                            265.0,
                            0.0,
                            75.0
                        ],
                        "adversary_return": [
                            390.0,
                            80.0,
                            25.0,
                            0.0,
                            0.0,
                            200.0,
                            140.0,
                            265.0,
                            0.0,
                            75.0
                        ],
                        "agent_return": [
                            -51.00215148925781,
                            -13.435840606689453,
                            -6.541241645812988,
                            -3.4195942878723145,
                            -0.5890405178070068,
                            -29.28917694091797,
                            -21.762710571289062,
                            -37.02535629272461,
                            -2.6643483638763428,
                            -12.697115898132324
                        ],
                        "return": [
                            242.99929809570312,
                            48.85472106933594,
                            14.48625373840332,
                            -1.1398648023605347,
                            -0.19634684920310974,
                            123.57027435302734,
                            86.0791015625,
                            164.32489013671875,
                            -0.8881161212921143,
                            45.76763153076172
                        ]
                    },
                    "step_1": {
                        "step_count": 240000,
                        "lead_adversary_return": [
                            40.0,
                            0.0,
                            15.0,
                            35.0,
                            80.0,
                            120.0,
                            50.0,
                            35.0,
                            25.0,
                            125.0
                        ],
                        "adversary_return": [
                            40.0,
                            0.0,
                            15.0,
                            35.0,
                            80.0,
                            120.0,
                            50.0,
                            35.0,
                            25.0,
                            125.0
                        ],
                        "agent_return": [
                            -7.540524482727051,
                            -1.9698807001113892,
                            -5.091561317443848,
                            -6.672901153564453,
                            -13.835579872131348,
                            -16.988656997680664,
                            -3.247851848602295,
                            -7.315339088439941,
                            2.9889516830444336,
                            -18.03761863708496
                        ],
                        "return": [
                            24.15315818786621,
                            -0.6566269397735596,
                            8.302813529968262,
                            21.109033584594727,
                            48.721473693847656,
                            74.33711242675781,
                            32.25071716308594,
                            20.894887924194336,
                            17.66298484802246,
                            77.32080078125
                        ]
                    },
                    "step_2": {
                        "step_count": 480000,
                        "lead_adversary_return": [
                            295.0,
                            15.0,
                            5.0,
                            255.0,
                            120.0,
                            265.0,
                            380.0,
                            0.0,
                            15.0,
                            0.0
                        ],
                        "adversary_return": [
                            295.0,
                            15.0,
                            5.0,
                            255.0,
                            120.0,
                            265.0,
                            380.0,
                            0.0,
                            15.0,
                            0.0
                        ],
                        "agent_return": [
                            -38.14693832397461,
                            -4.469895362854004,
                            -4.006890773773193,
                            -22.887861251831055,
                            -15.779107093811035,
                            -21.21959114074707,
                            -41.635066986083984,
                            -2.409008026123047,
                            -4.820505142211914,
                            -2.1977553367614746
                        ],
                        "return": [
                            183.95103454589844,
                            8.510035514831543,
                            1.9977030754089355,
                            162.3707275390625,
                            74.74029541015625,
                            169.59347534179688,
                            239.45498657226562,
                            -0.8030027151107788,
                            8.393165588378906,
                            -0.7325851321220398
                        ]
                    },
                    "step_3": {
                        "step_count": 720000,
                        "lead_adversary_return": [
                            995.0,
                            440.0,
                            485.0,
                            835.0,
                            120.0,
                            175.0,
                            760.0,
                            735.0,
                            390.0,
                            190.0
                        ],
                        "adversary_return": [
                            995.0,
                            440.0,
                            485.0,
                            835.0,
                            120.0,
                            175.0,
                            760.0,
                            735.0,
                            390.0,
                            190.0
                        ],