{
    "vmas": {
        "simple_world_comm": {
            "ippo": {
                "seed_1": {
                    "absolute_metrics": {
                        "lead_adversary_return": [
                            755.0
                        ],
                        "adversary_return": [
                            755.0
                        ],
                        "agent_return": [
                            36.739959716796875
                        ],
                        "return": [
                            376.7264404296875
                        ]
                    },
                    "step_0": {
                        "step_count": 120000,
                        "lead_adversary_return": [
                            90.0,
                            0.0,
                            20.0,
                            170.0,
                            70.0,
                            10.0,
                            0.0,
                            65.0,
                            0.0,
                            0.0
                        ],
                        "adversary_return": [
                            90.0,
                            0.0,
                            20.0,
                            170.0,
                            70.0,
                            10.0,
                            0.0,
                            65.0,
                            0.0,
                            0.0
                        ],
                        "agent_return": [
                            -37.78154754638672,
                            -3.320154905319214,
                            -13.835149765014648,
                            -88.32193756103516,
                            -38.52130126953125,
                            -9.964543342590332,
                            17.8698673248291,
                            -38.735652923583984,
                            -2.1019208431243896,
                            -3.564887046813965
                        ],
                        "return": [
                            47.406150817871094,
                            -1.1067183017730713,
                            8.721616744995117,
                            83.89269256591797,
                            33.82623291015625,
                            3.3451523780822754,
                            5.95662260055542,
                            30.42144775390625,
                            -0.7006403207778931,
                            -1.1882957220077515
                        ]
                    },
                    "step_1": {
                        "step_count": 240000,
                        "lead_adversary_return": [
                            0.0,
                            0.0,
                            40.0,
                            0.0,
                            0.0,
                            5.0,
                            0.0,
                            10.0,
                            10.0,
                            0.0
                        ],
                        "adversary_return": [
                            0.0,
                            0.0,
                            40.0,
                            0.0,
                            0.0,
                            5.0,
                            0.0,
                            10.0,
                            10.0,
                            0.0
                        ],
                        "agent_return": [
                            -1.9391307830810547,
                            4.063464164733887,
                            -22.730743408203125,
                            -3.553532600402832,
                            -3.052445650100708,
                            -6.408073425292969,
                            4.6654157638549805,
                            -9.120125770568848,
                            -8.0078763961792,
                            -1.4410053491592407
                        ],
                        "return": [
                            -0.6463769674301147,
                            1.3544881343841553,
                            19.089752197265625,
                            -1.1845109462738037,
                            -1.0174819231033325,
                            1.197308897972107,
                            1.5551385879516602,
                            3.626624822616577,
                            3.9973745346069336,
                            -0.4803351163864136
                        ]
                    },
                    "step_2": {
                        "step_count": 480000,
                        "lead_adversary_return": [
                            20.0,
                            10.0,
                            15.0,
                            0.0,
                            0.0,
                            30.0,
                            20.0,
                            130.0,
                            5.0,
                            0.0
                        ],
                        "adversary_return": [
                            20.0,
                            10.0,
                            15.0,
                            0.0,
                            0.0,
                            30.0,
                            20.0,
                            130.0,
                            5.0,
                            0.0
                        ],
                        "agent_return": [
                            -16.644195556640625,
                            -9.102520942687988,
                            -10.571368217468262,
                            -3.5508201122283936,
                            -2.2867774963378906,
                            -18.010343551635742,
                            -15.006442070007324,
                            -68.81745910644531,
                            -5.784170150756836,
                            -5.175509452819824
                        ],
                        "return": [
                            7.785268306732178,
                            3.632493019104004,
                            6.476210594177246,
                            -1.183606743812561,
                            -0.7622591853141785,
                            13.996551513671875,
                            8.331186294555664,
                            63.727516174316406,
                            1.4052766561508179,
                            -1.7251698970794678
                        ]
                    },
                    "step_3": {
                        "step_count": 720000,
                        "lead_adversary_return": [
                            0.0,
                            125.0,
                            195.0,
                            0.0,
                            155.0,
                            10.0,
                            60.0,
                            55.0,
                            250.0,
                            30.0
                        ],
                        "adversary_return": [
                            0.0,
                            125.0,
                            195.0,
                            0.0,
                            155.0,
                            10.0,
                            60.0,
                            55.0,
                            250.0,
                            30.0
                        ],