{
    "vmas": {
        "simple_world_comm": {
            "mappo": {
                "seed_3": {
                    "absolute_metrics": {
                        "lead_adversary_return": [
                            500.0
                        ],
                        "adversary_return": [
                            500.0
                        ],
                        "agent_return": [
                            41.12153625488281
                        ],
                        "return": [
                            247.646484375
                        ]
                    },
                    "step_0": {
                        "step_count": 120000,
                        "lead_adversary_return": [
                            0.0,
                            0.0,
                            0.0,
                            0.0,
                            20.0,
                            0.0,
                            0.0,
                            0.0,
                            0.0,
                            0.0
                        ],
                        "adversary_return": [
                            0.0,
                            0.0,
                            0.0,
                            0.0,
                            20.0,
                            0.0,
                            0.0,
                            0.0,
                            0.0,
                            0.0
                        ],
                        "agent_return": [
                            -2.1369428634643555,
                            -1.8220585584640503,
                            -2.2627415657043457,
                            -2.756955146789551,
                            -12.176338195800781,
                            -2.697824001312256,
                            -3.546339511871338,
                            -3.2405405044555664,
                            10.642038345336914,
                            2.9538469314575195
                        ],
                        "return": [
                            -0.7123143076896667,
                            -0.6073528528213501,
                            -0.7542471885681152,
                            -0.9189850687980652,
                            9.274554252624512,
                            -0.8992747068405151,
                            -1.1821131706237793,
                            -1.0801801681518555,
                            3.5473461151123047,
                            0.984615683555603
                        ]
                    },
                    "step_1": {
                        "step_count": 240000,
                        "lead_adversary_return": [
                            10.0,
                            0.0,
                            20.0,
                            0.0,
                            0.0,
                            0.0,
                            70.0,
                            0.0,
                            0.0,
                            0.0
                        ],
                        "adversary_return": [
                            10.0,
                            0.0,
                            20.0,
                            0.0,
                            0.0,
                            0.0,
                            70.0,
                            0.0,
                            0.0,
                            0.0
                        ],
                        "agent_return": [
                            -7.172009468078613,
                            26.04647445678711,
                            41.12153625488281,
                            -3.1375250816345215,
                            -1.4847497940063477,
                            -3.5478715896606445,
                            -38.415008544921875,
                            -1.4353728294372559,
                            -1.88958740234375,
                            9.989957809448242
                        ],
                        "return": [
                            4.275997161865234,
                            8.682158470153809,
                            27.040512084960938,
                            -1.0458416938781738,
                            -0.4949166178703308,
                            -1.1826238632202148,
                            33.861663818359375,
                            -0.47845762968063354,
                            -0.6298624873161316,
                            3.329986095428467
                        ]
                    },
                    "step_2": {
                        "step_count": 480000,
                        "lead_adversary_return": [
                            50.0,
                            0.0,
                            0.0,
                            10.0,
                            15.0,
                            10.0,
                            10.0,
                            5.0,
                            5.0,
                            0.0
                        ],
                        "adversary_return": [
                            50.0,
                            0.0,
                            0.0,
                            10.0,
                            15.0,
                            10.0,
                            10.0,
                            5.0,
                            5.0,
                            0.0
                        ],
                        "agent_return": [
                            -28.242956161499023,
                            -4.572378635406494,
                            -6.399615287780762,
                            -7.452080726623535,
                            -7.436273097991943,
                            -7.3930134773254395,
                            -10.972043991088867,
                            -6.326925277709961,
                            -6.682648658752441,
                            -3.9737730026245117
                        ],
                        "return": [
                            23.91901397705078,
                            -1.5241262912750244,
                            -2.1332051753997803,
                            4.182640075683594,
                            7.521242141723633,
                            4.202329158782959,
                            3.0093188285827637,
                            1.224358320236206,
                            1.1057838201522827,
                            -1.324591040611267
                        ]
                    },
                    "step_3": {
                        "step_count": 720000,
                        "lead_adversary_return": [
                            70.0,
                            0.0,
                            20.0,
                            10.0,
                            0.0,
                            0.0,
                            45.0,
                            5.0,
                            0.0,
                            0.0
                        ],
                        "adversary_return": [
                            70.0,
                            0.0,
                            20.0,
                            10.0,
                            0.0,
                            0.0,
                            45.0,
                            5.0,
                            0.0,
                            0.0
                        ],