{
    "vmas": {
        "simple_world_comm": {
            "ippovinonorm": {
                "seed_2": {
                    "absolute_metrics": {
                        "lead_adversary_return": [
                            260.0
                        ],
                        "adversary_return": [
                            260.0
                        ],
                        "agent_return": [
                            3.448154926300049
                        ],
                        "return": [
                            128.74862670898438
                        ]
                    },
                    "step_0": {
                        "step_count": 120000,
                        "lead_adversary_return": [
                            205.0,
                            15.0,
                            0.0,
                            0.0,
                            260.0,
                            0.0,
                            0.0,
                            0.0,
                            0.0,
                            225.0
                        ],
                        "adversary_return": [
                            205.0,
                            15.0,
                            0.0,
                            0.0,
                            260.0,
                            0.0,
                            0.0,
                            0.0,
                            0.0,
                            225.0
                        ],
                        "agent_return": [
                            -107.27021789550781,
                            -12.655781745910645,
                            -2.979020357131958,
                            -6.27395486831665,
                            -133.75413513183594,
                            -3.4707412719726562,
                            -6.236383438110352,
                            -4.533509254455566,
                            -4.359555244445801,
                            -118.8638687133789
                        ],
                        "return": [
                            100.9099349975586,
                            5.781406402587891,
                            -0.9930068254470825,
                            -2.091318368911743,
                            128.74862670898438,
                            -1.1569137573242188,
                            -2.078794479370117,
                            -1.5111697912216187,
                            -1.4531850814819336,
                            110.37871551513672
                        ]
                    },
                    "step_1": {
                        "step_count": 240000,
                        "lead_adversary_return": [
                            0.0,
                            0.0,
                            0.0,
                            0.0,
                            55.0,
                            0.0,
                            5.0,
                            35.0,
                            125.0,
                            120.0
                        ],
                        "adversary_return": [
                            0.0,
                            0.0,
                            0.0,
                            0.0,
                            55.0,
                            0.0,
                            5.0,
                            35.0,
                            125.0,
                            120.0
                        ],
                        "agent_return": [
                            -6.2730817794799805,
                            -4.958252906799316,
                            -5.6923112869262695,
                            -3.824195384979248,
                            -30.89725685119629,
                            -5.111052989959717,
                            -5.7434492111206055,
                            -20.90088653564453,
                            -70.4739990234375,
                            -67.88643646240234
                        ],
                        "return": [
                            -2.09102725982666,
                            -1.6527509689331055,
                            -1.8974370956420898,
                            -1.2747318744659424,
                            26.367582321166992,
                            -1.7036843299865723,
                            1.418850302696228,
                            16.366371154785156,
                            59.842002868652344,
                            57.371185302734375
                        ]
                    },
                    "step_2": {
                        "step_count": 480000,
                        "lead_adversary_return": [
                            0.0,
                            0.0,
                            75.0,
                            5.0,
                            155.0,
                            0.0,
                            0.0,
                            0.0,
                            0.0,
                            10.0
                        ],
                        "adversary_return": [
                            0.0,
                            0.0,
                            75.0,
                            5.0,
                            155.0,
                            0.0,
                            0.0,
                            0.0,
                            0.0,
                            10.0
                        ],
                        "agent_return": [
                            -4.72401237487793,
                            -4.01251220703125,
                            -42.93921661376953,
                            -6.329195976257324,
                            -83.19279479980469,
                            -4.9002203941345215,
                            -3.4611363410949707,
                            -5.624943733215332,
                            -2.8626179695129395,
                            -7.946229934692383
                        ],
                        "return": [
                            -1.5746707916259766,
                            -1.3375041484832764,
                            35.686927795410156,
                            1.2236013412475586,
                            75.60240173339844,
                            -1.6334068775177002,
                            -1.1537121534347534,
                            -1.8749812841415405,
                            -0.9542059898376465,
                            4.017923355102539
                        ]
                    },
                    "step_3": {
                        "step_count": 720000,
                        "lead_adversary_return": [
                            0.0,
                            0.0,
                            75.0,
                            20.0,
                            140.0,
                            0.0,
                            0.0,
                            0.0,
                            0.0,
                            60.0
                        ],
                        "adversary_return": [
                            0.0,
                            0.0,
                            75.0,
                            20.0,
                            140.0,
                            0.0,
                            0.0,
                            0.0,
                            0.0,
                            60.0
                        ],