{
    "vmas": {
        "simple_world_comm": {
            "isac": {
                "seed_1": {
                    "absolute_metrics": {
                        "lead_adversary_return": [
                            215.0
                        ],
                        "adversary_return": [
                            215.0
                        ],
                        "agent_return": [
                            -0.3277379274368286
                        ],
                        "return": [
                            106.5162582397461
                        ]
                    },
                    "step_0": {
                        "step_count": 120000,
                        "lead_adversary_return": [
                            0.0,
                            0.0,
                            0.0,
                            0.0,
                            0.0,
                            0.0,
                            0.0,
                            10.0,
                            0.0,
                            0.0
                        ],
                        "adversary_return": [
                            0.0,
                            0.0,
                            0.0,
                            0.0,
                            0.0,
                            0.0,
                            0.0,
                            10.0,
                            0.0,
                            0.0
                        ],
                        "agent_return": [
                            -5.217120170593262,
                            -4.529163837432861,
                            -2.889244556427002,
                            -4.5521745681762695,
                            -2.023582935333252,
                            -2.6341097354888916,
                            -3.709261894226074,
                            -8.151444435119629,
                            -4.201456069946289,
                            -3.4722280502319336
                        ],
                        "return": [
                            -1.7390401363372803,
                            -1.509721279144287,
                            -0.9630815386772156,
                            -1.517391562461853,
                            -0.674527645111084,
                            -0.878036618232727,
                            -1.2364206314086914,
                            3.9495186805725098,
                            -1.4004853963851929,
                            -1.157409429550171
                        ]
                    },
                    "step_1": {
                        "step_count": 240000,
                        "lead_adversary_return": [
                            0.0,
                            0.0,
                            0.0,
                            0.0,
                            0.0,
                            0.0,
                            0.0,
                            0.0,
                            0.0,
                            0.0
                        ],
                        "adversary_return": [
                            0.0,
                            0.0,
                            0.0,
                            0.0,
                            0.0,
                            0.0,
                            0.0,
                            0.0,
                            0.0,
                            0.0
                        ],
                        "agent_return": [
                            -3.5722901821136475,
                            -7.7286858558654785,
                            -4.04409122467041,
                            -2.02315092086792,
                            -5.154576778411865,
                            -2.951859951019287,
                            -2.583085536956787,
                            -6.468310832977295,
                            -3.2851765155792236,
                            -6.07649040222168
                        ],
                        "return": [
                            -1.1907634735107422,
                            -2.576228618621826,
                            -1.3480304479599,
                            -0.6743836402893066,
                            -1.7181923389434814,
                            -0.9839533567428589,
                            -0.8610285520553589,
                            -2.1561036109924316,
                            -1.0950589179992676,
                            -2.0254969596862793
                        ]
                    },
                    "step_2": {
                        "step_count": 480000,
                        "lead_adversary_return": [
                            215.0,
                            0.0,
                            0.0,
                            0.0,
                            0.0,
                            0.0,
                            0.0,
                            0.0,
                            0.0,
                            0.0
                        ],
                        "adversary_return": [
                            215.0,
                            0.0,
                            0.0,
                            0.0,
                            0.0,
                            0.0,
                            0.0,
                            0.0,
                            0.0,
                            0.0
                        ],
                        "agent_return": [
                            -110.45124816894531,
                            -0.38672512769699097,
                            -2.706676721572876,
                            -3.5667757987976074,
                            -2.7484183311462402,
                            -4.542370796203613,
                            -2.464108943939209,
                            -5.90653133392334,
                            -5.8731489181518555,
                            -3.8941774368286133
                        ],
                        "return": [
                            106.5162582397461,
                            -0.12890838086605072,
                            -0.9022256135940552,
                            -1.1889252662658691,
                            -0.9161394834518433,
                            -1.5141236782073975,
                            -0.8213696479797363,
                            -1.9688438177108765,
                            -1.9577163457870483,
                            -1.2980592250823975
                        ]
                    },
                    "step_3": {
                        "step_count": 720000,
                        "lead_adversary_return": [
                            155.0,
                            0.0,
                            0.0,
                            0.0,
                            0.0,
                            0.0,
                            0.0,
                            15.0,
                            0.0,
                            0.0
                        ],
                        "adversary_return": [
                            155.0,
                            0.0,
                            0.0,
                            0.0,
                            0.0,
                            0.0,
                            0.0,
                            15.0,
                            0.0,
                            0.0
                        ],