{
    "vmas": {
        "simple_world_comm": {
            "ippovi": {
                "seed_3": {
                    "absolute_metrics": {
                        "lead_adversary_return": [
                            545.0
                        ],
                        "adversary_return": [
                            545.0
                        ],
                        "agent_return": [
                            17.573772430419922
                        ],
                        "return": [
                            270.31890869140625
                        ]
                    },
                    "step_0": {
                        "step_count": 120000,
                        "lead_adversary_return": [
                            115.0,
                            0.0,
                            10.0,
                            0.0,
                            155.0,
                            0.0,
                            0.0,
                            0.0,
                            5.0,
                            235.0
                        ],
                        "adversary_return": [
                            115.0,
                            0.0,
                            10.0,
                            0.0,
                            155.0,
                            0.0,
                            0.0,
                            0.0,
                            5.0,
                            235.0
                        ],
                        "agent_return": [
                            -61.09550857543945,
                            -3.3873674869537354,
                            -8.179497718811035,
                            -4.032011032104492,
                            -82.43045043945312,
                            -1.686896562576294,
                            -4.773025035858154,
                            -3.6735293865203857,
                            -5.192574501037598,
                            -119.43016815185547
                        ],
                        "return": [
                            56.30149841308594,
                            -1.1291224956512451,
                            3.9401674270629883,
                            -1.344003677368164,
                            75.85652160644531,
                            -0.5622988939285278,
                            -1.5910084247589111,
                            -1.224509835243225,
                            1.6024751663208008,
                            116.85661315917969
                        ]
                    },
                    "step_1": {
                        "step_count": 240000,
                        "lead_adversary_return": [
                            0.0,
                            0.0,
                            0.0,
                            0.0,
                            0.0,
                            0.0,
                            35.0,
                            0.0,
                            0.0,
                            355.0
                        ],
                        "adversary_return": [
                            0.0,
                            0.0,
                            0.0,
                            0.0,
                            0.0,
                            0.0,
                            35.0,
                            0.0,
                            0.0,
                            355.0
                        ],
                        "agent_return": [
                            -3.2775096893310547,
                            3.6387674808502197,
                            -3.35654354095459,
                            -3.6898140907287598,
                            10.859079360961914,
                            -4.910573959350586,
                            -19.999229431152344,
                            11.686053276062012,
                            -5.143474578857422,
                            -181.833984375
                        ],
                        "return": [
                            -1.092503309249878,
                            1.2129225730895996,
                            -1.1188478469848633,
                            -1.22993803024292,
                            3.6196932792663574,
                            -1.6368579864501953,
                            16.66692352294922,
                            3.8953511714935303,
                            -1.714491605758667,
                            176.0553436279297
                        ]
                    },
                    "step_2": {
                        "step_count": 480000,
                        "lead_adversary_return": [
                            10.0,
                            0.0,
                            0.0,
                            20.0,
                            230.0,
                            0.0,
                            5.0,
                            50.0,
                            0.0,
                            0.0
                        ],
                        "adversary_return": [
                            10.0,
                            0.0,
                            0.0,
                            20.0,
                            230.0,
                            0.0,
                            5.0,
                            50.0,
                            0.0,
                            0.0
                        ],
                        "agent_return": [
                            -8.170848846435547,
                            -4.648850440979004,
                            -5.088190078735352,
                            -15.826749801635742,
                            -115.49877166748047,
                            2.400664806365967,
                            -7.5138678550720215,
                            -29.02142333984375,
                            -4.716428756713867,
                            -0.2783668041229248
                        ],
                        "return": [
                            3.9430503845214844,
                            -1.549616813659668,
                            -1.6960633993148804,
                            8.057750701904297,
                            114.833740234375,
                            0.8002216219902039,
                            0.8287107348442078,
                            23.659526824951172,
                            -1.5721429586410522,
                            -0.0927889347076416
                        ]
                    },
                    "step_3": {
                        "step_count": 720000,
                        "lead_adversary_return": [
                            5.0,
                            0.0,
                            0.0,
                            10.0,
                            25.0,
                            0.0,
                            10.0,
                            15.0,
                            0.0,
                            0.0
                        ],
                        "adversary_return": [
                            5.0,
                            0.0,
                            0.0,
                            10.0,
                            25.0,
                            0.0,
                            10.0,
                            15.0,
                            0.0,
                            0.0
                        ],