{
    "vmas": {
        "simple_world_comm": {
            "mappo": {
                "seed_0": {
                    "absolute_metrics": {
                        "lead_adversary_return": [
                            475.0
                        ],
                        "adversary_return": [
                            475.0
                        ],
                        "agent_return": [
                            41.328338623046875
                        ],
                        "return": [
                            236.78573608398438
                        ]
                    },
                    "step_0": {
                        "step_count": 120000,
                        "lead_adversary_return": [
                            0.0,
                            0.0,
                            0.0,
                            0.0,
                            430.0,
                            0.0,
                            10.0,
                            5.0,
                            200.0,
                            0.0
                        ],
                        "adversary_return": [
                            0.0,
                            0.0,
                            0.0,
                            0.0,
                            430.0,
                            0.0,
                            10.0,
                            5.0,
                            200.0,
                            0.0
                        ],
                        "agent_return": [
                            -3.83400297164917,
                            -4.12492036819458,
                            -4.307873725891113,
                            6.166814804077148,
                            -220.56117248535156,
                            -8.42764949798584,
                            -11.56484603881836,
                            -6.866357803344727,
                            -104.0736083984375,
                            -4.436794281005859
                        ],
                        "return": [
                            -1.278001070022583,
                            -1.3749735355377197,
                            -1.435957908630371,
                            2.055604934692383,
                            213.1462860107422,
                            -2.8092164993286133,
                            2.811717987060547,
                            1.044547438621521,
                            98.64213562011719,
                            -1.4789314270019531
                        ]
                    },
                    "step_1": {
                        "step_count": 240000,
                        "lead_adversary_return": [
                            0.0,
                            15.0,
                            0.0,
                            0.0,
                            0.0,
                            10.0,
                            0.0,
                            0.0,
                            10.0,
                            0.0
                        ],
                        "adversary_return": [
                            0.0,
                            15.0,
                            0.0,
                            0.0,
                            0.0,
                            10.0,
                            0.0,
                            0.0,
                            10.0,
                            0.0
                        ],
                        "agent_return": [
                            -3.1320533752441406,
                            -11.36014175415039,
                            -5.154192924499512,
                            -5.551778793334961,
                            -7.006131172180176,
                            -10.491313934326172,
                            -1.6044191122055054,
                            -2.042189121246338,
                            -8.751542091369629,
                            -4.062775135040283
                        ],
                        "return": [
                            -1.0440177917480469,
                            6.213286399841309,
                            -1.718064308166504,
                            -1.8505929708480835,
                            -2.3353772163391113,
                            3.1695621013641357,
                            -0.5348063707351685,
                            -0.6807297468185425,
                            3.749485969543457,
                            -1.354258418083191
                        ]
                    },
                    "step_2": {
                        "step_count": 480000,
                        "lead_adversary_return": [
                            0.0,
                            0.0,
                            0.0,
                            0.0,
                            5.0,
                            25.0,
                            0.0,
                            0.0,
                            55.0,
                            0.0
                        ],
                        "adversary_return": [
                            0.0,
                            0.0,
                            0.0,
                            0.0,
                            5.0,
                            25.0,
                            0.0,
                            0.0,
                            55.0,
                            0.0
                        ],
                        "agent_return": [
                            -5.550960063934326,
                            -3.8195743560791016,
                            -6.284175872802734,
                            -4.798997402191162,
                            -4.582136631011963,
                            -14.484374046325684,
                            -2.3661718368530273,
                            -3.4640636444091797,
                            -31.173324584960938,
                            -4.774813175201416
                        ],
                        "return": [
                            -1.8503201007843018,
                            -1.2731914520263672,
                            -2.0947253704071045,
                            -1.599665880203247,
                            1.8059544563293457,
                            11.838541984558105,
                            -0.7887239456176758,
                            -1.1546878814697266,
                            26.275558471679688,
                            -1.591604471206665
                        ]
                    },
                    "step_3": {
                        "step_count": 720000,
                        "lead_adversary_return": [
                            0.0,
                            60.0,
                            0.0,
                            20.0,
                            5.0,
                            0.0,
                            15.0,
                            0.0,
                            30.0,
                            0.0
                        ],
                        "adversary_return": [
                            0.0,
                            60.0,
                            0.0,
                            20.0,
                            5.0,
                            0.0,
                            15.0,
                            0.0,
                            30.0,
                            0.0
                        ],